genome_pair	unmapped_CDS_count	J	A	K	L	B	D	Y	V	T	M	N	Z	W	U	O	X	C	G	E	F	H	I	P	Q	R	S	noCOG
GCF_002442615_GCF_004634605	20	0	0	0	0	0	0	0	0	2	0	11	0	0	3	0	2	0	0	0	0	0	0	0	0	0	0	2
GCF_003186245_GCF_009627115	4	0	0	0	0	0	0	0	0	0	0	0	0	0	0	0	2	0	0	0	0	1	0	0	0	0	0	1
GCF_009627115_GCF_003186245	1	0	0	1	0	0	0	0	0	0	0	0	0	0	0	0	0	0	0	0	0	0	0	0	0	0	0	0
GCF_009626895_GCF_009627115	2	0	0	0	0	0	0	0	0	0	0	0	0	0	0	0	2	0	0	0	0	0	0	0	0	0	0	0
GCF_029459635_GCF_029459655	1	0	0	0	0	0	0	0	0	0	0	0	0	0	0	0	0	0	0	0	1	0	0	0	0	0	0	0
GCF_013390305_GCF_055380625	70	1	0	5	1	0	1	0	4.5	4	0.5	0	0	0	0	1	0	5	4	10	1.5	1.5	8	0	4.5	5.5	1	11
GCF_055380625_GCF_013390305	183	5	0	10.5	1	0	0	0	2	8	4	16.5	0	0	1.5	4	0	12	11	14	1	6	11	6	3	18.5	7	41
GCF_013752735_GCF_038729565	65	0	0	2	1	0	0	0	1	0	5	0	0	0	0	1	4	3.5	0	3.5	0	1.5	3	2	2	4.5	3	28
GCF_038729565_GCF_013752735	47	2	0	2	3	0	1	0	1	1	1	0	0	0	0	1	3	0	1	2	0	0	0	2	1	0	0	26
GCF_014163475_GCF_014163455	65	2	0	11.5	1	0	0	0	3	2	0	0	0	0	0	1	0	2	2	6.5	2.5	0	8	1	1.5	7	3	11
GCF_035213875_GCF_035211335	14	0	0	1	0	0	0	0	1	0	0	0	0	0	0	0	3	0	1	6	0	0	0	0	0	0	0	2
GCF_035213875_GCF_055504515	183	4	0	11	8	0	1	0	1	10.5	6	0.5	0	0	0.5	8	2.5	8	5.5	13.5	2	8.5	8	4	5	15.5	8	52
GCF_055504515_GCF_035213875	164	1	0	13.5	1	0	0	0	4	11.5	3	0	0	0.5	0.5	4.5	1	21	22	4.5	0	2.5	6.5	8	3	14	5	37
GCF_055379835_GCF_055391065	195	12.5	0	4	3.5	0	6.5	0	6	8	3.5	0	0	0	1	8.5	4	20	7.33333333333333	15.8333333333333	1	6	8.5	7	5	10.8333333333333	10	46
GCF_055391065_GCF_055379835	54	0	0	7	0	0	0	0	1	1.5	3	0	0	0	0	0.5	1	1.5	7	9.5	0	4.5	3	3	3	2.5	1	5
GCF_055382325_GCF_055389125	192	11	0	6.5	2	0	2	0	5.5	3	8.5	0	0	0	1	9	0	10.5	14.5	10.5	1	1	16	2	1	8	6	73
GCF_055389125_GCF_055382325	316	3	0	26	4	0	0.833333333333333	0	4.5	16	15.3333333333333	2	0	0	2.5	13	0	14.8333333333333	11.6666666666667	4.66666666666667	1.5	12.3333333333333	16	15.8333333333333	9.5	21.5	15	106
GCF_055385305_GCF_055394845	151	10.5	0	7.5	3	0	4.5	0	5	3	3.5	0	0	0	2	7.5	2	14	3.83333333333333	7.33333333333333	1	5	4.5	4.5	2	6.33333333333333	4	50
GCF_055394845_GCF_055385305	139	4	0	8	5	0	2	0	2	4	8.5	0	0	0	0	5	2	2.83333333333333	11.8333333333333	13.3333333333333	1	3	5.33333333333333	11	1	9.16666666666667	5	35
GCF_055386345_GCF_055388225	283	4	0	12	9	0	0	0	7.5	16	6.5	0	0	1	3	13	8	23	16.75	14.25	3	6	3	20.25	2	27.75	10	77
GCF_055388225_GCF_055386345	485	20.25	0	26.5	8	0	1.5	0	9	20	13.5	20.5	0	0	5	12.5	9.5	20	21.6666666666667	35.4166666666667	5.5	20.25	21.5	17	14.75	30.6666666666667	18	134
GCF_055386345_GCF_055392995	15	0	0	0	0	0	0.5	0	0	0	0	0	0	0	0	0	0	0	0	1	0	2	0	5	0	1.5	1	4
GCF_055392995_GCF_055386345	47	0	0	3	3	0	0	0	0	3	6	0	0	0	0	5	0	1	1	4	0	2	6	0	0	5	1	7
GCF_055387175_GCF_055398315	64	0	0	4	1	0	1	0	3.5	5	3.5	0	0	0	0	6	0	4.5	2	2	0.5	1.5	2	8.5	2	6	1	10
GCF_055398315_GCF_055387175	107	3	0	2.5	3	0	1	0	2	6.5	1.5	0	0	0	0	2	1	11	3	13.5	0	3.5	10	6	1.5	5	4	27
GCF_055391065_GCF_055394655	147	4	0	5	3	0	1	0	2.5	12	2.5	0	0	0	0.5	4	1	9.5	6	12	1	5	6	1	7	12	11	41
GCF_055394655_GCF_055391065	346	12.8333333333333	0	19.5	3	0	1	0	6.5	14	10	0	0	0	0	9.83333333333333	1.5	20.5	11.8333333333333	28.8333333333333	2.5	18.3333333333333	11	24.5	7	27.3333333333333	13	103
GCF_055392185_GCF_055394665	88	0.25	0	6	0	0	0	0	2.5	2.5	3.5	0	0	0	1	1	2	4	3.5	13.25	0.5	3.25	9	3	0.75	5	1	26
GCF_055394665_GCF_055392185	401	16.5	0	15.5	3	0	1.33333333333333	0	8.5	17.5	22.3333333333333	3	0	0.5	4.5	13.5	3	24.3333333333333	31.5	36	2.5	26	21.8333333333333	15.8333333333333	6	23.8333333333333	15	89
GCF_055392185_GCF_055395495	234	4	0	10.5	4	0	1	0	4.5	5	6	1	0	0	0	8	0	17.5	9	18	4	4	15	4	5	12.5	5	96
GCF_055395495_GCF_055392185	198	9	0	11.5	4	0	0	0	3	12.5	7.5	0	0	0	0	8	2.5	4	11	10.5	3	12	3.5	11	3	10	7	65
GCF_001506225_GCF_001506725	10	6	0	1	0	0	0	0	0	0	0	0	0	0	0	0	0	0	0	3	0	0	0	0	0	0	0	0
GCF_001506725_GCF_001506225	39	3	0	1	2	0	1	0	1.5	1	3.5	1	0	0	0	3	0	1	0	2	2	5	1	1	0	3	0	7
GCF_001506225_GCF_001506965	2	1	0	0	0	0	0	0	0	0	0	0	0	0	1	0	0	0	0	0	0	0	0	0	0	0	0	0
GCF_001506965_GCF_001506225	2	0	0	0	0	0	0	0	0	0	0	0	0	0	0	0	0	0	1	0	0	0	0	0	0	0	0	1
GCF_001506305_GCF_001506725	58	3	0	1	0	0	0	0	0	0	0	0	0	0	0	0	0	0	0	0	0	0	0	0	0	0	0	54
GCF_001506725_GCF_001506305	37	0	0	0	0	0	0	0	0	0	0	0	0	0	0	0	0	0	0	0	0	0	0	0	0	0	0	37
GCF_001506365_GCF_001506705	18	2	0	0	2	0	0	0	0	1	0	0	0	0	0	2	0	1	0.5	3	1.5	0	0	0	1	1	1	2
GCF_001506705_GCF_001506365	49	8	0	2	2	0	0	0	1	1	3.5	0	0	0	1	0	0	3	3	0	0	3	4	2	0.5	2	2	11
GCF_001506445_GCF_001506965	2	0	0	0	0	0	0	0	0	0	0	0	0	0	0	0	0	0	0	0	0	0	0	0	0	0	1	1
GCF_001506585_GCF_001506745	41	2	0	0	3	0	0	0	2	1	1	0	0	0	1	5	0	1	0	4	0	4	0	0	0	3	1	13
GCF_001506745_GCF_001506585	3	0	0	0	1	0	0	0	0	0	0	0	0	0	0	0	0	0	1	0	0	1	0	0	0	0	0	0
GCF_001506705_GCF_001506885	37	1	0	1	0	0	1	0	0	0	2.5	4	0	0	0	3	0	7	0	0	3	4	1	2.5	0	2	0	5
GCF_001506745_GCF_001506965	1	0	0	0	0	0	0	0	0	0	0	0	0	0	0	0	0	0	0	0	0	0	0	0	0	0	0	1
GCF_056340935_GCF_056340835	97	10	0	5	2	0	0	0	3.5	4	6.5	0	0	0	0	3	2	4	3	4	5	4.5	2	3.5	2	11	3	19
GCF_001007065_GCF_000007205	1	0	0	0	0	0	0	0	0	0	0	0	0	0	0	0	0	0	0	0	0	0	0	0	0	0	0	1
GCF_000175515_GCF_000068585	29	3	0	0	1	0	1	0	1	2	7	0	0	0	0	1	0	1	1	1	1	2	2.5	1	0.5	1	0	2
GCF_000068585_GCF_047414635	1	0	0	0	0	0	0	0	0	0	0	0	0	0	0	0	0	0	0	0	0	0	0	0	0	0	0	1
GCF_047414635_GCF_000068585	2	0	0	0	0	0	0	0	0	0	0	0	0	0	0	0	0	1	0	0	0	0	0	0	0	0	0	1
GCF_000092745_GCF_047417375	1	0	0	0	0	0	0	0	0	0	0	0	0	0	0	0	0	0	0	0	0	0	0	0	0	0	0	1
GCF_047417375_GCF_000092745	1	0	0	0	0	0	0	0	0	0	0	0	0	0	0	0	0	0	0	0	0	0	0	0	0	0	0	1
GCF_039778305_GCF_000173535	1	0	0	0	0	0	0	0	0	0	0	0	0	0	0	0	0	0	0	0	0	0	0	0	0	0	0	1
GCF_000174055_GCF_000590635	1	0	0	0	0	0	0	0	0	0	0	0	0	0	0	0	0	0	0	0	0	0	0	0	0	0	0	1
GCF_000590635_GCF_000174055	1	0	0	0	0	0	0	0	0	0	0	0	0	0	0	0	0	0	0	0	0	0	0	0	0	0	0	1
GCF_000175515_GCF_018336255	29	3	0	0	1	0	1	0	1	2	7	0	0	0	0	1	0	1	1	1	1	2	2.5	1	0.5	1	0	2
GCF_018336255_GCF_000175515	1	1	0	0	0	0	0	0	0	0	0	0	0	0	0	0	0	0	0	0	0	0	0	0	0	0	0	0
GCF_900187155_GCF_000739435	1	0	0	0	0	0	0	0	0	0	0	0	0	0	0	0	0	0	0	0	0	0	0	0	0	0	0	1
GCF_016694815_GCF_050595855	26	2	0	1	0	0	0	0	0	0	3.5	0	0	0	0	0	1	1	0	0	0	3	0	1	0	3.5	3	7
GCF_050595855_GCF_016694815	26	0	0	2	0	0	0	0	1	0	1	0	0	0	0	5	0	0	0	5	0	0	1	1	0	1	0	9
GCF_050595845_GCF_050595855	1	0	0	0	0	0	0	0	0	0	0	0	0	0	0	0	0	0	0	0	0	0	0	1	0	0	0	0
GCF_050595855_GCF_050595845	22	0	0	1	1	0	0	0	0	1	1	0	0	0	0	0	1	0	1	2	0	1	2.5	0	2	2.5	0	6
GCF_050703515_GCF_050595865	102	2	0	9	2	0	0	0	2	4	1	0	0	0	0.333333333333333	5	2.33333333333333	3.5	5.5	5.5	1	10.5	1	6	1	4.33333333333333	7	29
GCF_050595915_GCF_050703515	22	1	0	0.5	0	0	0	0	1	0	2.5	0	0	0	0	0.5	0.5	2	0	0	1	1.5	1	0	0	4.5	0	6
GCF_002208845_GCF_029718585	156	10.75	0	10.5	4	0	1	0	0	6.5	4.5	1.5	0	0.5	3.33333333333333	4.5	1.33333333333333	5	33.8333333333333	16.5833333333333	2	13.25	4	3.5	0.25	10.1666666666667	3	16
GCF_029718585_GCF_002208845	163	9.25	0	9	3.5	0	1	0	1	8.5	22	0	0	0	1.33333333333333	5	0.833333333333333	3.5	19.1666666666667	14.9166666666667	4.5	7.25	2	14	2.25	10	4	20
GCF_008693945_GCF_052466275	80	4.33333333333333	0	1.5	3	0	2	0	1	2.5	2	8	0	3	1	0.333333333333333	0	1	4.5	6	0	1.83333333333333	10	7	2	5	3	11
GCF_052466275_GCF_008693945	198	13	0	14.5	7.5	0	4	0	3	5	11	0	0	0	5.5	8	0.5	21.8333333333333	21.8333333333333	17.8333333333333	3	5.83333333333333	6	12.5	0.5	7.66666666666667	6	23
GCF_014596835_GCF_014596855	2	0	0	0	1	0	0	0	0	0	0	0	0	0	0	0	0	0	0	1	0	0	0	0	0	0	0	0
GCF_052952515_GCF_052952455	2	0	0	0	0	0	0	0	0	0	0	0	0	0	0	0	0	0	0	2	0	0	0	0	0	0	0	0
GCF_023277825_GCF_000355695	1	0	0	0	0	0	0	0	0	0	0	0	0	0	0	0	0	0	0	0	0	0	0	0	0	0	0	1
GCF_021957185_GCF_021952605	1	0	0	0	0	0	0	0	0	0	0	0	0	0	0	0	0	0	0	1	0	0	0	0	0	0	0	0
GCF_052047575_GCF_052048225	24	2	0	1	3	0	0.5	0	3	0	2	0.5	0	0	0	0	0	1	0	0	1	1.5	1	0	0	0.5	1	6
GCF_052048225_GCF_052047575	7	0	0	1	0	0	0	0	0	0	0	0	0	0	0	0	0	0	0	0	0	0.5	1	0	0	1.5	0	3
GCF_000210455_GCF_002946135	59	0	0	1	4	0	0	0	0	3	1	0	0	0	0	0	3	6	4.83333333333333	5.83333333333333	0	17.5	1	3	1	1.83333333333333	2	4
GCF_002946135_GCF_000210455	2	0	0	0.5	0	0	0	0	0	0	1	0	0	0	0	0	0	0	0	0	0	0.5	0	0	0	0	0	0
GCF_002812605_GCF_037914985	25	1	0	2	0	0	0	0	0	0.5	0	0.333333333333333	0	0.333333333333333	0.333333333333333	0	0	0	4	3.5	0	1	0	3	0	3	0	6
GCF_002946135_GCF_002945415	1	0	0	0	0	0	0	0	0	0	0	0	0	0	0	0	0	0	0	0	0	0	0	0	0	1	0	0
GCF_002945945_GCF_048684865	10	0	0	1	0	0	0	0	0	0	0	0	0	0	0	0	0	2	0	1	0	0	1	0	1	0	0	4
GCF_048684865_GCF_002945945	54	14	0	4.5	1	0	0	0	0	2	0	0	0	0	1	3	0	5	6	0.5	1	3	3	0	1	1	0	8
GCF_047551115_GCF_002946135	76	1	0	3.5	1	0	1	0	2	3.5	6	1.16666666666667	0	1.16666666666667	1.66666666666667	2	1	5.5	1.33333333333333	10.3333333333333	4	3	0	3	0	4.83333333333333	3	16
GCF_002946535_GCF_016767015	141	6	0	11	5	0	0	0	4	8.5	7	0	0	0	1	4	1.5	10.3333333333333	21.5	5	1	20.8333333333333	5	1	2	8.33333333333333	3	15
GCF_003482035_GCF_049201105	27	7	0	2	0	0	1	0	0	0	1	0	0	0	2	1	0	0	4	0	0	0	0	0	0	1	0	8
GCF_003482345_GCF_055361285	193	13	0	10	6.5	0	9.5	0	2	8	8.5	4	0	3	4	5.5	0	6	10	24.5	6.5	3.5	6.5	9.5	1.5	10	4	37
GCF_055361285_GCF_003482345	79	0	0	9	2	0	0.5	0	6	4	4.5	2	0	1.5	1.5	1	0	5	1	3.5	2	1	0	0	1	3.5	3	27
GCF_050319615_GCF_050320035	2	2	0	0	0	0	0	0	0	0	0	0	0	0	0	0	0	0	0	0	0	0	0	0	0	0	0	0
GCF_050320035_GCF_050319615	79	12	0	3	5	0	2	0	0	1	3	0	0	3.5	3.5	2	0	2	2.5	5.5	4	8	0	6	0	3	1	12
GCF_003697205_GCF_042449905	30	0	0	3.5	1	0	1	0	1	0.5	0	0	0	0	0	2	0	1	6	1	0	1	0	0	0	4	1	7
GCF_042449905_GCF_003697205	88	1	0	5	7	0	1	0	5	2	2	2.33333333333333	0	0.333333333333333	0.333333333333333	4.5	0	7	2.5	12.5	3.5	1	0	3	0	3	1	24
GCF_015351935_GCF_008245165	40	0.5	0	3	1	0	0	0	0	2	3.5	0	0	0	1.5	0.5	0	2.5	0	9	0	1	4	2	2.5	0	1	6
GCF_016766955_GCF_018603455	50	7	0	2.5	1	0	0	0	9	4	1	0	0	0	0	2.5	0	1	0.5	1.5	1	2	3	1	0	2	2	9
GCF_016767035_GCF_016767015	8	0	0	1	1	0	0	0	0	0	1.5	0.5	0	0	0	0	0	0	1	0	0	0.5	0	0	0	0.5	0	2
GCF_025758205_GCF_048684865	59	0	0	3.5	0	0	0	0	2	2	1	0	0	0	0	0	1.5	3	14	3.5	2	0.5	1	4	1	2	1	17
GCF_048684865_GCF_025758205	3	0	0	0	0	0	0	0	0	0	0	0	0	0	0	0	0	0	1	1	0	0	0	0	0	0	0	1
GCF_037915025_GCF_037924525	54	1	0	4	1	0	0.5	0	7	2	0	0	0	0	0	0	0.5	2.5	6.5	4	0	3.5	1.5	4.5	1	1.5	3	10
GCF_037924525_GCF_037915025	1	1	0	0	0	0	0	0	0	0	0	0	0	0	0	0	0	0	0	0	0	0	0	0	0	0	0	0
GCF_037930055_GCF_037915025	91	1	0	7	5	0	0	0	0	5	1.5	0	0	0	0	4	2	0	0.5	9	2	1	1	2	0	1	3	46
GCF_037915725_GCF_037924525	116	4.5	0	10.5	7	0	0	0	6	6	6	0	0	0	1	2.5	1	5.33333333333333	6	6.5	3.5	1	0.333333333333333	1	1	9.83333333333333	4	33
GCF_037924525_GCF_037915725	3	1	0	0	0	0	0	0	0	1	0	0	0	0	1	0	0	0	0	0	0	0	0	0	0	0	0	0
GCF_000401555_GCF_003491225	46	2	0	5.5	1	0	0	0	0	5	1	0	0	1	0	1	0.5	3	2.66666666666667	3.66666666666667	2	0.5	1	1	0	2.16666666666667	1	12
GCF_003491225_GCF_000401555	97	6	0	3.5	6	0	0	0	2	15.5	4.5	0	0	0	0	4	0	6	13.5	0	2	1.5	0	4	0	3.5	4	21
GCF_037931695_GCF_037919485	4	0	0	1	0	0	0	0	0	0	0.5	0	0	0	0.5	0	0	0	0	0	1	0	0	0	0	0	0	1
GCF_037942165_GCF_037924525	39	2	0	1.5	4	0	1	0	1	0	2	0	0	0	0	0	0	2	0	2	0	1	5	1	0	2.5	1	13
GCF_049244555_GCF_052442345	76	0	0	6	4	0	0	0	5.5	3.5	4	0	0	0	1	5	1.5	0	1.5	3.5	2	15.5	0	1	0.5	5.5	2	14
GCF_052442345_GCF_049244555	27	1	0	3.5	0	0	0	0	0	3	2	0	0	0	0	1	0	2	1	0	0.5	2	0	0	0	4	0	7
GCF_050917545_GCF_055361285	46	1.5	0	5.5	1	0	0	0	1	5.5	6	0	0	0	0	2.5	0.5	0	1.5	2.5	0	4	0	0	1	1.5	2	10
GCF_000017025_GCF_000017045	99	7.83333333333333	0	6.5	6	0	3	0	1	2.5	3	2	0	0	3	2.33333333333333	0	1	3	10	3	5.33333333333333	3	2	2	10.5	2	20
GCF_000017045_GCF_003058345	17	5	0	2	0	0	1	0	0	0	0	0	0	0	3	0	0	1	0	0	0	0	0	0	0	2	0	3
GCF_003058345_GCF_000017045	94	4.5	0	8.5	3	0	2	0	3	5.5	3	0	0	0	1	9	0	4	1.5	8	1	2.5	1	10.5	0	4	5	17
GCF_000020285_GCF_000827935	58	5	0	2	4	0	13.5	0	0	1	3	0.666666666666667	0	0.666666666666667	0.666666666666667	1.5	0	0	0	2	3	4.5	0.5	0	0	2	4	10
GCF_000143685_GCF_045257535	1	0	0	0.5	0	0	0	0	0	0.5	0	0	0	0	0	0	0	0	0	0	0	0	0	0	0	0	0	0
GCF_000767745_GCF_018140595	1	0	0	0	0	0	0	0	0	1	0	0	0	0	0	0	0	0	0	0	0	0	0	0	0	0	0	0
GCF_018140595_GCF_000767745	1	0	0	0	0	0	0	0	0	1	0	0	0	0	0	0	0	0	0	0	0	0	0	0	0	0	0	0
GCF_001879605_GCF_024584665	3	0	0	0	0	0	0	0	0	0	0	0	0	0	0	0	0	1	0	0	0	0	0	0	0	0	0	2
GCF_001683535_GCF_003491225	96	0	0	2	2	0	0	0	1	1	1	0	0	0.5	0.5	6	5	1	2	2	0.5	1	0	2	0	2.5	1	65
GCF_003491225_GCF_001683535	226	9.33333333333333	0	7	7.5	0	0	0	1.5	16.5	6	13.3333333333333	0	0.333333333333333	1.33333333333333	11.3333333333333	2	6.33333333333333	14.5	13.5	10.5	4.66666666666667	4	8	2.5	12.8333333333333	8	65
GCF_000011325_GCF_055695525	6	0	0	1	0	0	0	0	1	0	0	0	0	0	0	0	0	0	0	1	0	0	1	0	0	1	0	1
GCF_055695525_GCF_000011325	3	0	0	0	0	0	0	0	0	0	1	0	0	0	0	0	0	0	0	0	0	0	0	0	0	0	0	2
GCF_000255175_GCF_020736125	126	16	0	10	2	0	3	0	2	8.5	2	0	0	0	1	2	0	3.5	12.5	8.5	4.5	6	3	7.5	1.5	5.5	0	27
GCF_045588645_GCF_000258385	1	0	0	0	0	0	0	0	0	0	0	0	0	0	0	0	0	0	0	0	0	0	0	0	0	0	0	1
GCF_001682255_GCF_000730445	2	0	0	0	0	0	0	0	0	1	0	0	0	0	0	0	0	0	0	0	0	0	0	0	0	0	0	1
GCF_045588645_GCF_000972805	1	0	0	0	0	0	1	0	0	0	0	0	0	0	0	0	0	0	0	0	0	0	0	0	0	0	0	0
GCF_009759765_GCF_001682255	1	0	0	0	0	0	0	0	0	0	0	0	0	0	0	0	0	0	0	0	0	0	0	0	0	0	0	1
GCF_001682255_GCF_009905175	3	0	0	0	0	0	0	0	0	0	0	0	0	0	0	1	0	0	0	0	1	0	0	0	0	0	0	1
GCF_009905175_GCF_001682255	3	0	0	0	0	0	0	0	0	0	0	0	0	0	0	0	0	0	0	0	2	0	0	0	0	0	0	1
GCF_003491225_GCF_011602425	52	4	0	2	4	0	1.5	0	1	1	2	0.5	0	0	0	5	0	2	0.333333333333333	0.333333333333333	0.5	1.5	1	8	0	2.33333333333333	2	13
GCF_011602425_GCF_003491225	47	2	0	3.5	2	0	0	0	0	6	1	0	0	0	0	5	0	2.83333333333333	1.5	3.5	0.5	4.83333333333333	2	3	0	1.33333333333333	1	7
GCF_000382585_GCF_038396405	4	0	0	1	0	0	0	0	0	0	0	0	0	0	0	0	0	0	0	0	0	1	0	0	0	0	1	1
GCF_000831935_GCF_017161585	2	0	0	0	0	0	0	0	0	0	0	0	0	0	0	1	0	0	0	1	0	0	0	0	0	0	0	0
GCF_017161585_GCF_000831935	2	0	0	0	0	0	0	0	0	0	1	0	0	0	0	0	0	0	0	0	0	1	0	0	0	0	0	0
GCF_002846975_GCF_003718335	4	0	0	0	0	0	0	0	0	0	0	0	0	0	0	0	0	1	2	0	0	0	0	0	0	0	0	1
GCF_019464615_GCF_045676465	3	0	0	0.5	0	0	0	0	0	0.5	0	0	0	0	0	0	0	0	0	0	0	0	0	0	0	0	0	2
GCF_045676465_GCF_019464615	1	0	0	0	0	0	0	0	0	0	0	0	0	0	0	0	0	0	0	0	0	0	0	0	0	0	0	1
GCF_019464615_GCF_045676475	2	0	0	0	0	0	0	0	0	0	0	0	0	0	0	0	0	1	0	1	0	0	0	0	0	0	0	0
GCF_045676455_GCF_045677285	39	1	0	6.5	0	0	0	0	0.5	3	3	0	0	0	0	0	0	2.5	8	1.5	0.5	2	0	0	1	3.5	1	5
GCF_045677285_GCF_045676455	48	0	0	6	0	0	0	0	0	1	1.5	0	0	0	0	0	0	3	1	5.5	2	0	5	4	2	5	2	10
GCF_045677265_GCF_045677275	3	2	0	0	0	0	0	0	0	0	0	0	0	0	0	0	0	0	1	0	0	0	0	0	0	0	0	0
GCF_002022065_GCF_002277995	66	4	0	3	1	0	0	0	2	0	6	0	0	0	0	5	0	8.5	3	2.5	0	4	1	2	0	3	1	20
GCF_002277995_GCF_002022065	111	4.25	0	4.5	2	0	1	0	4	2.5	6.5	0	0	0	1	3	0	2.5	5	3.75	3	3.75	1	12	1.25	6	2	42
GCF_002310535_GCF_002023665	27	1	0	0	0	0	0	0	0	1	0.5	0	0	0	0	3	0	0.5	1	1	0	0.5	0	1	0	2.5	0	15
GCF_021431905_GCF_029873335	56	1	0	3	3	0	1	0	1	1	4	1	0	0	1	3	0	3	2	4	0	1	1	4	1	4	1	16
GCF_029873335_GCF_021431905	2	0	0	0	0	0	0	0	0	0	0	0	0	0	0	0	0	0	0	0	0	0	0	0	0	0	0	2
GCF_022221425_GCF_056134105	170	6.5	0	8.5	2	0	0.333333333333333	0	3	2	6.33333333333333	0	0	0	3	5.5	0	3.5	4	4.5	0	4.5	5	1.83333333333333	4	12.5	7	86
GCF_056134105_GCF_022221425	153	10	0	8.5	1	0	0	0	4	4.5	8	1.5	0	0	0	3	0	5.5	5	2	1	6.5	5	7.5	2	11	3	64
GCF_022221425_GCF_056135465	153	2	0	10	1	0	0.333333333333333	0	6.5	5	5.83333333333333	0	0	0	0	1.5	2	3	5	6.5	3.5	5.5	9	1.33333333333333	3.5	10.5	6	65
GCF_056135465_GCF_022221425	143	5	0	5.5	3	0	0	0	5.5	5.5	12	1	0	1	0	2.5	0	3	4	2	0	7.5	3	12.5	1	11	4	54
GCF_024205045_GCF_024205165	39	0.5	0	2	0	0	0	0	1	1	0	0	0	0	2	0.5	0	3	2	1	0	6	1	2	0	1	1	15
GCF_045571545_GCF_024205165	29	0.5	0	2	0	0	0	0	1	0	0	0	0	0	0	0.5	0	3	1	0	0	7	1	2	0	1	1	9
GCF_045571545_GCF_024205505	29	0.5	0	2	0	0	0	0	1	0	0	0	0	0	0	0.5	0	3	0	0	0	7	1	2	0	1	1	10
GCF_028898485_GCF_031101875	32	2	0	2	1	0	0	0	2	1	2	0	0	0	0	1	0	0	1	4	0.5	0	1	2	0	0.5	1	11
GCF_031101875_GCF_028898485	18	0	0	2	0	0	0.333333333333333	0	0	0	1.33333333333333	0	0	0	0	0.5	0	0	0	1.5	1	0	1	0.333333333333333	0	1	0	9
GCF_045571555_GCF_045571525	51	0.5	0	4	1	0	0	0	0.5	6	3.5	0	0	0	0	1.5	2	0.5	1	2	0	4.5	0	7	0	3	0	14
GCF_056135505_GCF_056135965	3	1	0	0	0	0	0	0	0	0	0	0	0	0	0	0	0	0	0	0	0	0	1	0	0	0	1	0
GCF_056135965_GCF_056135505	6	0	0	0	2	0	0	0	0	0	0	0	0	0	0	0	0	0	0	1	0	0	0	1	0	0	1	1
GCF_036281655_GCF_050539845	221	22	0	11.5	3	0	2.5	0	8	6	6	0.5	0	0	3	7.5	0	6	13.5	13.5	6.5	3	2.5	4.5	4.5	10	13	74
GCF_050539845_GCF_036281655	157	10	0	6	3	0	1.5	0	0.5	2.5	6.5	0	0	0	2	2	0	4	10.5	5	12	8	11.5	2	1.5	11.5	7	50
GCF_036281655_GCF_050545605	75	3	0	6.5	4	0	0.5	0	4.5	1.5	4	0.5	0	0	2.5	2.5	1	6.5	2	0	2	5.5	2.5	0.5	1	3.5	5	16
GCF_050545605_GCF_036281655	37	6	0	2	3	0	0	0	0	2	1	0.666666666666667	0	0.666666666666667	0.666666666666667	0	2	1	4	0	0	2	0	0	0	0	2	10
GCF_050539065_GCF_050545605	20	0	0	1.5	0	0	0	0	0	1.5	1	0	0	0	1	0	0	0	0	1	0	0.5	1	0	0	1.5	1	10
GCF_050545605_GCF_050539065	28	3	0	2.5	0	0	0	0	2	1.5	0.5	0	0	0	0	0	0	0	1.5	0	0	1	0	6	0	0	0	10
GCF_052656575_GCF_052657825	46	1	0	4.5	0	0	1.5	0	1	5	9	0	0	0	0	0	0	0	14	0	0	0	1	0	1	1	1	6
GCF_052657825_GCF_052656575	36	1	0	2	1	0	0	0	0	0.5	1	0	0	0	0	1	0	0	9.5	2.5	0	1	0	2	0	5.5	1	8
GCF_052658005_GCF_052657825	3	0	0	0	0	0	0	0	0	1	0	0	0	0	0	0	0	0	0	0	0	0	0	0	0	0	0	2
GCF_004015005_GCF_010229315	2	0	0	0	0	0	0	0	0	0	0	0	0	0	0	0	0	0	0	0	0	1	0	0	0	0	0	1
GCF_010229315_GCF_004015005	1	0	0	0	0	0	0	0	0	0	0	0	0	0	0	0	0	0	0	0	0	0	0	0	0	0	0	1
GCF_023612715_GCF_023612795	4	1	0	0	0	0	0	0	0	0	1	0	0	0	0	1	0	0	0	0	0	0	1	0	0	0	0	0
GCF_036865525_GCF_036865485	1	0	0	0	0	0	0	0	0	0	0	0	0	0	0	0	0	0	0	0	0	0	0	0	0	0	0	1
GCF_036865565_GCF_036866285	80	12	1	5	1	0	0	0	0	4.5	3	0	0	1	0	2	0	1	0.5	3	3	4	11.5	1	1.5	2	1	22
GCF_036866285_GCF_036865565	56	3	0	4	1	0	2	0	0	3.5	2	0	0	0	0	2	2	1	3	4	0.5	2.5	0	7	1	5.5	1	11
GCF_036865655_GCF_036865915	29	1	0	2.5	1	0	0	0	0.5	1.5	1.5	0	0	0	0.5	2	0	0.5	2	3	0.5	3	1	1.5	0	0	0	7
GCF_036865915_GCF_036865655	67	1	0	4	1	0	1	0	1	3.5	1	11	0	0	2	1	1	1	6.5	7.5	0	3	1	4.5	1	4	1	10
GCF_013116765_GCF_021432025	126	4	0	12.5	3	0	0	0	3	6	5	3	0	1	1	1	2	5.5	4.75	24.25	1	3	7	1.25	3	7.75	4	23
GCF_036865895_GCF_036866015	59	2	0	3	1	0	1	0	1	6	1	0	0	0	0	1	0	1	9	5	3.5	0	1	7.5	0	6	3	7
GCF_036866015_GCF_036865895	67	1.5	0	3.5	0	0	1	0	0	0.5	2	4.5	0	0	0	3.5	0	1	12.8333333333333	12.8333333333333	1.5	2.5	5.5	1	1.5	3.83333333333333	0	8
GCF_036866285_GCF_036865895	42	3	0	6	1	0	0	0	0	0.5	0	0	0	0	0	1.5	2	2.5	8.5	1	0	0.5	0	3	0	2.5	0	10
GCF_036865955_GCF_036866365	1	0	0	0	0	0	0	0	0	0	0	0	0	0	0	0	0	0	0	0	0	0	0	0	0	0	0	1
GCF_000022665_GCF_013167015	2	0	0	0	0	0	0	0	0	0	0	0	0	0	0	0	0	0	0	0	0	0	0	0	0	0	0	2
GCF_013167015_GCF_000022665	3	0	0	0	0	0	0	0	0	0	0	0	0	0	0	0	0	0	0	0	0	0	0	0	0	0	0	3
GCF_000830035_GCF_031551975	50	5	0	1	0	0	1	0	0	0	1	0	0	0	4	0	0	1	2.5	1	0	3	0.5	1	0	0	2	27
GCF_031551975_GCF_000830035	117	1	0	5.5	1	0	0	0	1.5	3	9	1	0	0.5	0	4	6	8	3	5	1	6.5	3	6	1	4	5	42
GCF_001276585_GCF_014863685	34	2	0	3	1	0	0	0	0	1	1	4	0	0	0	0	2	0	1	3	1.5	1	0	1	0	0.5	1	11
GCF_014863685_GCF_001276585	79	1	0	6	1	0	0	0	1.5	1	3	2.33333333333333	0	0.333333333333333	1.33333333333333	4	5	2.5	2.5	6.5	1.5	1	7	0.5	7	4	2	18
GCF_004358965_GCF_045920525	91	4.83333333333333	1	6.5	2	0	3	0	1	2.5	1	1	0	1	3	3.83333333333333	2	2	16	11	0	1.83333333333333	1	7	0	4.5	3	12
GCF_008931745_GCF_014863685	19	2	0	2.5	0	0	0	0	0	0	0	0.5	0	0.5	0	1	0	1	1.5	2	0	1	0	0	0	0	0	7
GCF_014863685_GCF_008931745	16	0	0	1	0	0	0	0	1	2	2	0	0	0	0	0	0	2	0	0	0	0.5	1	1.5	0	0	0	5
GCF_014863685_GCF_037756885	1	0	0	0	0	0	0	0	0	0	1	0	0	0	0	0	0	0	0	0	0	0	0	0	0	0	0	0
GCF_037756885_GCF_014863685	9	0	0	0	1	0	0	0	0.5	0	1	0.5	0	0.5	0	0	0	0	0	0	0.5	0	0	1	0	1	1	2
GCF_037756885_GCF_055284865	26	0	0	1	0	0	0	0	2	3	1	3	0	0	0	1	0	1	1	5	0	0	0	3	0	2	1	2
GCF_046605495_GCF_046605545	55	5	0	2	0	0	1	0	0	1	2	0	0	0	0	4	0	2	0	3	0	2	4	1.5	0.5	1	1	25
GCF_046605545_GCF_046605495	2	0	0	0	0	0	0	0	0	0	0	0	0	0	0	0	0	0	0	0	0	0	0	0	0	0	0	2
GCF_052422405_GCF_052422725	123	6.5	0	3	5	0	0	0	3.5	1	9.5	1	0	0	0.5	7.5	3	3	3	5	5	12	3.5	1	0.5	11.5	4	34
GCF_052422725_GCF_052422405	6	1	0	0	0	0	0	0	0	0	0.5	0	0	0	0	0	1	1	0.5	1	0	0	0	0	0	1	0	0
GCF_000248435_GCF_000248415	2	0	0	0	0	0	0	0	0	0	0	0	0	0	0	1	0	0	0	0	0	0	0	0	0	0	0	1
GCF_000248435_GCF_001267475	2	0	0	0	0	0	0	0	0	0	0	0	0	0	0	0	0	0	0	1	0	0	0	0	0	0	0	1
GCF_000833515_GCF_019469545	2	0	0	0	0	0	0	0	0	0	0	0	0	0	0	0	0	0	0	0	1	1	0	0	0	0	0	0
GCF_001267475_GCF_021560595	5	0	0	0	3	0	0	0	0	0	0	0	0	0	0	0	1	0	0	0	1	0	0	0	0	0	0	0
GCF_008330265_GCF_001885275	1	0	0	0	0	0	0	0	0	0	0	0	0	0	0	0	0	0	0	0	0	0	0	0	0	0	0	1
GCF_008330445_GCF_001885275	1	0	0	0	0	0	0	0	0	0	0	0	0	0	0	0	0	0	0	0	0	0	0	0	0	0	0	1
GCF_008330525_GCF_001885275	1	0	0	0	0	0	0	0	0	0	0	0	0	0	0	0	0	0	0	0	0	0	0	0	0	0	0	1
GCF_019469525_GCF_003955775	3	0	0	0	0	0	0	0	0	0	0	0	0	0	0	0	0	1	0	0	0	0	0	0	0	1	0	1
GCF_019469525_GCF_010232785	1	0	0	0	0	0	0	0	0	0	0	0	0	0	0	0	0	0	0	0	0	0	0	0	0	0	0	1
GCF_019134735_GCF_019182265	2	0	0	0	0	0	0	0	0	0	0	0	0	0	0	1	1	0	0	0	0	0	0	0	0	0	0	0
GCF_019137575_GCF_019182265	2	0	0	0	0	0	0	0	0	0	0	0	0	0	0	0	2	0	0	0	0	0	0	0	0	0	0	0
GCF_010223405_GCF_018847475	23	2	0	0	1	0	0	0	1	0	0	0	0	0	0	3	0	0	1	1	0	1	0	3	0	2	0	8
GCF_002989925_GCF_002989965	9	0	0	0	1	0	0	0	0	0.5	1	0	0	0	0	0	0	0	0	3.5	0	1	0	0	0	1	0	1
GCF_010229495_GCF_010229955	1	0	0	0	0	0	0	0	0	0	1	0	0	0	0	0	0	0	0	0	0	0	0	0	0	0	0	0
GCF_051132445_GCF_051132455	9	0	0	0	0	0	0	0	0	0	1	0	0	0	0	0	0	0	2	0	0	0	0	0	0	0	0	6
GCF_051132455_GCF_051132445	5	0	0	0	0	0	0	0	0	0	0	0	0	0	0	0	0	0	0	2	0	0	0	0	0	0	0	3
GCF_011457115_GCF_011462575	1	1	0	0	0	0	0	0	0	0	0	0	0	0	0	0	0	0	0	0	0	0	0	0	0	0	0	0
GCF_000294365_GCF_052809345	111	2	0	8	1	0	0	0	1	2.5	2	0	0	0	0	5.5	0	8.5	18	5	3	6	1	8	0	8.5	4	27
GCF_052809345_GCF_000294365	80	2.5	0	5.5	0	0	2.5	0	1	0	6.5	0	0	0	0	1.5	0	4.5	13.5	9.5	2	2	6.5	7	4	2.5	1	8
GCF_015284185_GCF_015285645	8	0	0	1	0	0	0	0	1	1	0	0	0	1	0	0	0	2	1	0	0	0	0	0	0	0	0	1
GCF_015285645_GCF_015284185	7	0	0	0	0	0	0	0	0	2	0	0	0	0	0	0	0	1	1	1	0	0	0	0	0	0	0	2
GCF_017351975_GCF_051935395	50	2	0	1	1	0	0	0	1	1	2	0	0	0	0	0	8	0	3	0	0	1	2	3	0	1	2	22
GCF_051935395_GCF_017351975	43	0	0	3.5	1.5	0	0	0	1	1.5	1	0	0	0	0	1	3.5	0	1	1.5	0	0.5	1	0	1	1	1	23
GCF_051935395_GCF_053210215	94	3	0	9	2	0	0	0	1	3.5	1.5	2.5	0	0.5	0	1	12.5	0	4.83333333333333	7.33333333333333	4	1.5	0	3	0	2.83333333333333	0	34
GCF_053210215_GCF_051935395	86	5	0	5.5	0	0	0	0	1	3.5	3	0	0	0	6	0	0	6.5	2.33333333333333	6.83333333333333	2.5	2.5	3	9.5	0	5.83333333333333	3	20
GCF_000026505_GCF_038086925	113	0	0	7.5	2	0	0	0	10	3	1.5	0	0	0	0	0	3	4.5	10	20	1	3.5	1	7.5	2	4.5	4	28
GCF_039857935_GCF_000418475	37	0.5	0	2.5	0	0	1	0	0	2.5	1	0	0	0	0	1.5	0	2	4	4	1	0	2	0	0	2	5	8
GCF_002865565_GCF_002902825	1	0	0	0	0	0	0	0	0	0	0	0	0	0	0	0	0	0	0	0	0	0	0	0	0	0	0	1
GCF_004010975_GCF_052567965	27	0	0	1	1	0	0	0	1	0	0	0	0	0	0	2	0	0	3	0.5	1	0	4	0	0.5	1	2	10
GCF_015238575_GCF_033977045	28	0	0	1	2	0	0	0	0	0	0	0	0	0	0	0	13	0	3	2	0	0	0	4	0	0	0	3
GCF_017795605_GCF_038086925	117	1	0	12	2	0	0	0	0	3.5	7	0	0	0	0	1	2	0.333333333333333	18.8333333333333	14.8333333333333	4.5	0.333333333333333	2	8	0	3.66666666666667	2	34
GCF_017570485_GCF_902387255	109	4.5	0	3.5	1	0	2	0	2	9	6.5	0.333333333333333	0	0.333333333333333	1.33333333333333	1	1	1	1	1.5	2.5	2	2	1	0	10.5	5	50
GCF_902387255_GCF_017570485	40	1.33333333333333	0	1.33333333333333	1.33333333333333	0	1	0	1	0	2	0	0	0	0	1.5	0	0.5	3.5	3	0	1	4	2	0	2.5	2	12
GCF_030770315_GCF_030770335	45	4	0	1	0	0	1.5	0	3	0	4	0	0.5	0	0	0	0	10	3	2	2	0	0	1	1	2	1	9
GCF_030770335_GCF_030770315	14	0	0	2	0	0	1	0	1	0	0	0	0	0	0	0	0	0	2	2	1	0	0	0	0	1	2	2
GCF_048015625_GCF_054953045	1	0	0	0	0	0	0	0	0	0	0	0	0	0	0	0	0	0	1	0	0	0	0	0	0	0	0	0
GCF_018847035_GCF_018847375	69	6	0	1	0	0	1	0	1	2.5	12	0	0	0	0	3	0	3	5	6	0	4.5	3.5	0	0	2.5	1	17
GCF_024800605_GCF_024969905	1	0	0	0	0	0	0	0	0	0	0	0	0	0	0	0	0	0	0	0	0	0	0	0	0	0	0	1
GCF_047041085_GCF_033802805	4	0	0	0	1	0	0	0	0	0	1	0	0	0	0	0	0	0	0	0	0	0	0	0	0	1	0	1
GCF_036255815_GCF_049330845	5	1	0	0	0	0	0	0	0	0	1	0	0	0	0	1	0	0	0	0	0	0	0	0	0	0	0	2
GCF_001746265_GCF_023614485	13	0	0	1	0	0	2	0	0	0	0	0	0	0	0	1	0	0	1	1	0	0	0	1	0	0	1	5
GCF_001746265_GCF_902386585	2	0	0	0	0	0	0	0	0	1	0	0	0	0	0	0	0	0	0	0	1	0	0	0	0	0	0	0
GCF_018847315_GCF_018847275	2	0	0	0	0	0	0	0	0	0	0	0	0	0	0	0	0	0	0	0	0	0	0	0	0	0	0	2
GCF_025946805_GCF_025960345	60	2.5	0	3.5	0	0	0	0	1	1.5	5.5	0	0	0	1	4.5	3	3	0	8.5	0	0	1	1	0	5	1	18
GCF_043000305_GCF_042999335	42	3.5	0	2.5	3	0	1	0	0	1	0	1.16666666666667	0	1.16666666666667	0.666666666666667	4	3	1	1	3	0	3	0	4	0	2	2	5
GCF_000006865_GCF_003722255	157	6	0	7.5	6	0	2.5	0	5	1	10	0.5	0	0	0	5	5	12	5	9.5	18	9	1.5	4	0	12.5	9	28
GCF_000009425_GCF_017376415	2	0	0	0	0	0	0	0	0	0	0	0	0	0	0	0	0	0	0	0	0	0	0	0	0	0	0	2
GCF_017376415_GCF_000009425	2	0	0	0	0	0	0	0	0	0	0	0	0	0	0	0	0	0	0	0	0	0	0	0	0	0	0	2
GCF_000269925_GCF_037076365	56	1	0	3.5	1	0	0	0	0	3.5	0	0	0	0	0	0	0	1	3	0	9	2	0	1	1	0	3	27
GCF_037076365_GCF_000269925	55	7	0	2	4	0	0	0	1	1	1	0	0	0	1	0	0	0	9	3	0	2	1	1	1	2	3	16
GCF_018847415_GCF_018847375	48	2	0	1	2	0	0	0	0	0	1	0	0	0	0	5.5	1	2	2	4	1	1	3.5	0	0	1	2	19
GCF_000269925_GCF_055387315	6	0	0	0	0	0	0	0	0	0	0	0	0	0	0	0	0	1	0	0.5	0	0.5	0	1	0	1	1	1
GCF_055387315_GCF_000269925	15	0	0	0	0	0	1	0	0	0	4	0	0	0	0	0	0	0	0	6	0	0	0	0	0	0	3	1
GCF_000807375_GCF_035985965	83	13	0	2	0	0	4	0	1	4.5	2.5	0	0	0	0	2	6	0	1	8	1.5	2.5	1	1	1	3	3	26
GCF_035985965_GCF_000807375	9	0	0	0	1	0	0	0	0	0	0	0	0	0	0	0	0	2	2	0	0	0	0	1	0	0	0	3
GCF_002804185_GCF_002804285	2	0	0	0	0	0	0	0	0	0	0	0	0	0	0	0	0	0	0	2	0	0	0	0	0	0	0	0
GCF_002804285_GCF_002804185	81	5	0	2.5	2	0	2	0	1.5	5.5	4	0.5	0	0	1.5	1	0	2	1.5	4	3	0	2	5.5	1	4.5	4	28
GCF_017869415_GCF_003722255	191	31	0	9.5	6	0	4.5	0	5	4	5.5	0	0	0	1	6.5	9	3	10.5	14.5	2.5	9	1.5	10.5	3	9.5	5	40
GCF_017376415_GCF_045348585	12	0	0	1	0	0	0	0	0	0	1	0	0	0	0	0	1	0	0	6	1	1	0	0	0	0	0	1
GCF_045348585_GCF_017376415	15	0	0	0	0	0	0	0	3	0	0	0	0	0	0	1	3	0	0	0	0	0	0	2	0	1	0	5
GCF_025908255_GCF_025908235	10	0	0	0	0	0	0	0	0	0	1.5	0	0	0	1	0	0	0	0.5	0	0	1.5	0	1	0	1.5	0	3
GCF_026073035_GCF_055386335	31	1	0	4.5	1	0	1	0	0	2.5	0	0	0	0	0	2	0	1	1	0.5	0	0.5	1	0	0	2	1	12
GCF_018847455_GCF_018847475	7	0	0	0	0	0	0	0	0	0	0	0	0	0	0	0	0	5	0	0	0	1	0	0	0	0	0	1
GCF_018847475_GCF_018847455	8	0	0	0	0	0	0	0	0	0	0	0	0	0	0	0	0	4	0	1	0	0	1	0	0	0	0	2
GCF_037891695_GCF_037891795	64	2	0	1	0	0	0	0	1	0	3	0	0	0	1	2	0	3.33333333333333	8	2.5	1	3.5	1.33333333333333	9	1	2.33333333333333	4	18
GCF_037891795_GCF_037891695	12	1	0	1	0	0	0	0	0	0	1	0	0	0	0	0	0	1	1	1	0	0	0	0	0	2	0	4
GCF_001752765_GCF_047782525	42	7.25	0	0	2	0	0	0	0.5	0	2	0.5	0	0.5	0	2	0	5.83333333333333	0	1.75	1.5	1.58333333333333	0	1	2.25	2.33333333333333	1	10
GCF_047782525_GCF_001752765	1	0	0	0	0	0	0	0	0	0	0	0	0	0	0	0	0	0	0	0	0	0	0	0	0	0	0	1
GCF_001752885_GCF_001752905	38	2	0	1	1	0	0	0	0	2	3	0	0	0	0	0	3	0.5	1	2	0	1.5	1	0	2	1	1	16
GCF_045999325_GCF_045999375	2	0	0	0	0	0	0	0	0	1	1	0	0	0	0	0	0	0	0	0	0	0	0	0	0	0	0	0
GCF_035928175_GCF_040959015	98	9	0	5	6	0	1.5	0	3	2	0	0	0	0	2	1	5	0	2	1	2	6	2.5	0	0	2	2	46
GCF_040959015_GCF_035928175	6	3	0	0	1	0	0	0	0	0	0	0	0	0	1	0	0	0	0	0	0	0	0	0	0	0	0	1
GCF_054729175_GCF_035928175	3	0	0	0.5	0	0	0	0	0	1.5	0	0	0	0	0	0	0	0	0	0	0	0	0	0	0	0	0	1
GCF_001952795_GCF_001999025	14	1	0	3.5	0	0	0	0	0	0.5	0.5	1.16666666666667	0	0.666666666666667	0.666666666666667	0	0	0	0	1	1	1	0	2	0	1	0	0
GCF_001999025_GCF_001952795	4	0	0	1	0	0	0	0	0	0	0	0	0	0	0	0	0	0	0	0	0	0	0	0	0	0	2	1
GCF_001952795_GCF_002213645	12	3	0	0	1	0	0	0	2	0	0	0	0	0	0	0.5	0	1.5	0	0	0	0	0	0	0	0	0	4
GCF_002213645_GCF_001952795	11	2	0	0	1	0	0	0	3	0	0	0	0	0	0	0.5	0	1.5	0	0	0	0	0	0	0	0	0	3
GCF_028994115_GCF_052377865	6	3	0	0	0	0	0	0	0	0	0	0	0	0	0	0	0	0	0	1	0	0	0	0	0	0	0	2
GCF_002213925_GCF_001999065	77	6	0	9.5	2.5	0	2	0	4.5	3	2.5	0	0	0	0	1	2	8	6	2.5	0	4.5	2	1	0	1	3	16
GCF_002213825_GCF_029872415	23	0	0	0	0	0	0	0	0	0	0	0	0	0	0	0	0	0	0	0	1	0	0	0	0	0	0	22
GCF_029872415_GCF_002213825	68	0	0	4	3	0	0	0	0	4	3	0	0	0	0	2	0	2	2.5	1	0.5	0.5	0	6	0	2.5	5	32
GCF_002213925_GCF_048320315	87	5	0	7	1	0	0	0	3.5	4	6	0	0	0	0	4	4	8	6.5	0	0.5	1	1	1.5	0	2	6	26
GCF_002214125_GCF_040543175	90	3	0	4.83333333333333	1	0	0	0	2	1.33333333333333	9.5	0.833333333333333	0	0	1	4	0	4.5	2	8	1.5	6.5	2.5	6.5	1	7	5	18
GCF_040543175_GCF_002214125	26	1	0	4	1	0	0	0	2	0	3	0	0	0	0	0	0	0	4	0	0	2	1	1	0	2	4	1
GCF_009866905_GCF_046844555	78	3.5	0	9	2	0	1	0	2	4.5	2	0	0	0	0	0.5	1	8	6.5	1	1	1.5	7	1.5	0	3	4	19
GCF_018336695_GCF_040543175	144	13.5	0	11.5	9	0	0.5	0	4	2	2	1.16666666666667	0	1.16666666666667	1.66666666666667	1.5	3	6.5	1.5	24.5	1	7.5	6	4	3	7	11	21
GCF_040543175_GCF_018336695	30	1.5	0	2	2	0	0	0	3	0.5	0	0	0	0	0	2.5	0	0	5	0.5	0	1.5	0	4.5	0.5	2.5	1	3
GCF_018336755_GCF_046844555	41	1	0	5	1	0	0	0	0	1.5	1	0	0	0	0	0	0	0	4.5	1	0	4	0	2	1	4	2	13
GCF_046844555_GCF_018336755	1	0	0	0	0	0	0	0	0	0	0	0	0	0	0	0	0	0	1	0	0	0	0	0	0	0	0	0
GCF_029891435_GCF_029891535	7	0	0	0	0	0	0	0	0	0	0	0	0	0	0	0	0	0	0	0	0	0	0	0	0	0	0	7
GCF_029891535_GCF_029891435	10	0	0	0	0	0	0	0	0	0	0	0	0	0	0	0	0	0	0	0	0	0	0	0	0	0	0	10
GCF_030848265_GCF_030848305	80	3	0	2.5	4	0	1.5	0	0	1	2	0	0	0	0	2.5	0	4	6	2	0.5	4	3	2	0	2	0	40
GCF_030848305_GCF_030848265	3	0	0	0	0	0	0	0	2	0	0	0	0	0	0	0	0	0	0	0	0	0	0	0	0	0	0	1
GCF_030730725_GCF_030758335	9	0	0	2	0	0	0	0	0	0	0	0	0	0	0	0	0	0	3	0	0	0	0	0	0	0	0	4
GCF_040543175_GCF_041764935	33	0.5	0	5	1	0	0	0	1	6	2	0	0	0	0	0	0	0	7	0	0.5	1.5	1	1	0	0.5	3	3
GCF_041764935_GCF_040543175	113	2	0	10.8333333333333	0	0	2	0	3	2.83333333333333	1.5	0.833333333333333	0	0	2	4	0	1	9	21	1.5	5	0.5	15.5	2.5	7	2	19
GCF_041764935_GCF_041765525	34	0	0	3.5	1	0	0	0	2	0	1	0	0	0	0	0	0	0	1	1	0	1.5	1	2	1	5	4	10
GCF_051789525_GCF_046844555	25	2.5	0	3.5	1	0	1	0	0	2.5	1	0	0	0	0	0.5	0	1	1	1	0	1	1	1.5	0	1.5	2	3
GCF_051792215_GCF_046844555	123	3	0	13.5	3	0	0	0	1	2.5	2	1	0	0	0	3	0	8	13	14	1	18.5	2	3.5	5	8	6	15
GCF_052810825_GCF_048320315	42	0	0	3.5	0	0	0	0	1	2	1	0	0	0	0	0	2	7	4.5	0	0	0	1	0	0	0	2	18
GCF_000007845_GCF_001683135	1	0	0	0	0	0	0	0	0	0	0	0	0	0	0	0	0	0	0	0	0	0	0	0	0	0	0	1
GCF_050092775_GCF_050093275	4	0	0	0	1	0	0	0	0	0	0	0	0	0	0	0	0	0	0	0	0	0	0	1	2	0	0	0
GCF_025561205_GCF_025561265	37	4	0	0.333333333333333	0	0	0.5	0	2.5	1.33333333333333	2	0.333333333333333	0	0	0	2	0	0	1	4	1	2	0	7	0	3	1	5
GCF_025809235_GCF_000973605	4	0	0	0	0	0	0	0	0	0	0	0	0	0	0	0	0	0	0	0	0	0	0	3	0	1	0	0
GCF_039790465_GCF_900474615	70	1	0	4	2	0	2	0	0	2	4.5	0	0	0	0	2	0	1	7.83333333333333	5.33333333333333	1	6.5	3	3	1	5.83333333333333	2	16
GCF_900474615_GCF_039790465	37	4	0	0.5	0	0	6.5	0	0	0	4	0	0	0	0.5	2	0	0	0	1	8	1	0	0	1	1.5	0	7
GCF_978559525_GCF_978587555	1	0	0	0	0	0	0	0	0	0	0	0	0	0	0	0	0	0	1	0	0	0	0	0	0	0	0	0
GCF_978587555_GCF_978559525	2	0	0	0	0	0	0	0	0	0	0	0	0	0	0	0	0	0	0	1	0	0	0	1	0	0	0	0
GCF_978585375_GCF_978934855	7	0	0	1	0	0	0	0	0	0	0	0	0	0	0	0	0	0	0	0	0	0	0	0	0	0	0	6
GCF_978587555_GCF_978599135	38	4	0	2	1	0	0	0	0	0	2	0	0	0	2	0	1	2	0.5	7	0	1	0	0.5	0	2	0	13
GCF_978632225_GCF_978587555	1	0	0	0	0	0	0	0	0	0	0	0	0	0	0	0	0	0	0	0	0	0	0	0	0	1	0	0
GCF_978587555_GCF_978934855	2	0	0	0	0	0	0	0	0	0	0	0	0	0	0	0	0	0	0	1	0	0	0	0	0	0	0	1
GCF_978632265_GCF_978685155	1	0	0	0	0	0	0	0	0	0	0	0	0	0	0	0	0	1	0	0	0	0	0	0	0	0	0	0
GCF_978685155_GCF_978632265	2	0	0	0	0	0	0	0	0	0	0	0	0	0	0	0	0	1	0	0	0	0	0	1	0	0	0	0
GCF_029931445_GCF_009497935	2	0.5	0	0.5	0	0	0	0	0	0.5	0	0	0	0	0	0.5	0	0	0	0	0	0	0	0	0	0	0	0
GCF_978632265_GCF_978934855	1	0	0	0	0	0	0	0	0	0	0	0	0	0	0	0	0	0	0	0	0	0	0	0	0	0	0	1
GCF_000422145_GCF_023516355	37	0	0	1	5	0	0	0	0	1	0	0	0	0	0	3	1	0	1	1	0	1	1	0	0	1	0	21
GCF_023516355_GCF_000422145	6	0	0	1	0	0	0	0	0	1	0	0	0	0	0	0	0	0	1	0	0	2	0	0	0	0	0	1
GCF_000427275_GCF_007974925	14	1	0	0	0	0	0	0	0	0.5	0.5	0	0	0	0.5	2	0	1	0	0.5	0	2	1	0	0	0	2	3
GCF_007974925_GCF_000427275	11	0	0	1	0	0	0	0	0	1	0	0	0	0	0	1	0	0	2	1	0	1	0	0	0	0	0	4
GCF_000963675_GCF_007980985	58	5.5	0	3.5	2	0	5	0	0	2	2	0	0	0	1	3	0	0	1	2.5	4.5	2.5	1	3.5	0	4	0	15
GCF_007980985_GCF_000963675	42	4	0	0.5	3	0	0	0	0.5	0	5	0	0	0	0	1	0	6	1.5	3.5	3	2	0	3	0	3	0	6
GCF_002285595_GCF_023516275	92	3	1	5.5	7	0	0	0	3	2.5	6	1.83333333333333	0	0.833333333333333	0.333333333333333	5	0.5	2	4.5	6	0	3	1	1	0	1	0	37
GCF_023516275_GCF_002285595	40	0.5	0	2	3	0	0	0	0	0	0	0	0	0	0	2	4	0	2.33333333333333	0.833333333333333	3	0	1	3	0	1.33333333333333	0	17
GCF_002285615_GCF_007980645	24	1	0	1.5	2	0	0	0	0.5	0	4.5	0	0	0	0	0	0	2	0.5	3	3	1	1	1	0	1	0	2
GCF_007980645_GCF_002285615	34	0	0	1	4	0	0	0	0	0	0	0	0	0	0	0	3	0	1	1	0	0	0	0	0	0	1	23
GCF_007963885_GCF_007980785	28	0	0	0	0	0	0	0	0	0	1	0	0	0	0	1	10	1	0	0	0	0	0	0	0	1	0	14
GCF_007980785_GCF_007963885	15	0	0	0	0	0	0.5	0	0	1	4	0.5	0	0	0	1	0	0	1	0	0	0.5	0	1	0	0.5	0	5
GCF_023516355_GCF_007963885	9	1	0	0	0	0	0	0	2	0	0	0	0	0	0	0	0	0	0	1	0	1	0	0	0	0	1	3
GCF_007965105_GCF_007974375	59	1.5	0	4	6	0	0	0	0	1.5	4	0	0	0	0	2.5	3	3	2	3.5	3	3.5	1	7	0	4.5	4	5
GCF_007965745_GCF_007980645	17	0.5	0	0.5	0	0	0	0	0	0.5	0	0	0	0	0	0	1	0	0	0	0	1.5	0	0	0	0	0	13
GCF_007980645_GCF_007965745	23	0	0	1	0	0	0	0	1	0	0	0	0	0	0	0	11	0	0	0	0	1	0	0	0	1	0	8
GCF_007973265_GCF_007974125	14	1	0	0	2	0	0	0	1.5	0	0.5	0	0	0	0	0	0	0	0	0	0	0	0	0	0	1	0	8
GCF_007974125_GCF_007973265	12	1	0	0	0	0	0	0	0	0	1	0	0	0	0	1	0	0.5	0	3.5	0	0	0	0	0	0	1	4
GCF_007974375_GCF_007974025	3	0	0	0	0	0	0	0	0	0	0	0	0	0	0	0	0	0	0	0	0	0	0	0	0	0	0	3
GCF_007975765_GCF_007980985	5	0	0	1	0	0	1	0	0.5	0.5	1	0	0	0	0	0	0	0	0	0	0	0	0	0	0	0	1	0
GCF_007980985_GCF_007975765	18	2	0	2.5	1.5	0	0	0	1	0	1	0	0	0	0	0	1	0	0	1	0	0	0	2	0	1	0	5
GCF_007979065_GCF_007978365	2	0	0	1	0	0	0	0	1	0	0	0	0	0	0	0	0	0	0	0	0	0	0	0	0	0	0	0
GCF_007979905_GCF_007980645	7	1	0	0	2	0	0	0	0	0	1	0	0	0	0	1	0	0	0	0	1	0	0	0	0	0	0	1
GCF_007980645_GCF_007979905	62	1	0	1	6	0	0	0	0	0	3	0	0	0	0	1	5	4	0	3	4	0	1	1	0	2	2	28
GCF_007980145_GCF_007980285	47	1	0	1	2	0	1	0	0	0	1	0	0	0	2	1	0	0	0	2	0	0	0	0	0	0	3	33
GCF_007980285_GCF_007980145	35	1	0	0	2	0	1	0	0	0	2	0	0	0	0	1	3	3	1	1	0	0	0	2	0	1	2	15
GCF_023516355_GCF_030370295	29	2.33333333333333	0	1	0.5	0	1	0	0	0	1.5	0	0	0	0	0.833333333333333	2.5	0.5	0.5	0	1	0.333333333333333	0	0	0	3	1	13
GCF_030370295_GCF_023516355	18	2	0	1.5	2	0	0	0	2	0	1	0	0	0	0	0	0	2	0.5	3	2	1	0	0	0	0	0	1
GCF_030370275_GCF_030370335	44	6	0	1.5	2	0	0	0	6	0.5	0	0	0	0	0	0	2	5	5	3	0	5	0	1	0	0	0	7
GCF_026278305_GCF_009831375	48	4.5	0	0.5	4	0	2	0	0	0	0	0.5	0	0	0	1	5	0	0	1	0	0.5	0	0	0	0	1	28
GCF_964271945_GCF_964272315	24	6	0	1	2	0	0	0	4	0	2	0	0	0	0	0	1	0	3	1	0	0	0	0	0.5	1.5	0	2
GCF_964272315_GCF_964271945	19	2	0	2.5	0	0	0	0	0	1.5	0	0	0	0	0	1	0	1	1	1	0	0	1	0	0	0	2	6
GCF_964271955_GCF_964272015	2	1	0	1	0	0	0	0	0	0	0	0	0	0	0	0	0	0	0	0	0	0	0	0	0	0	0	0
GCF_964272015_GCF_964271955	12	0	0	2	0	0	0	0	1	0	0	0	0	0	0	1	1	0	3	0	0	1	0	0	0	0	0	3
GCF_964272215_GCF_964272325	73	5.33333333333333	0	1	3	0	1.5	0	0	2.5	2	0	0	0	0.5	0.833333333333333	2	2	2.5	8.5	1	1.33333333333333	0	1	0	8	3	27
GCF_964272325_GCF_964272215	34	0	0	0	3	0	0	0	1	0	1	0	0	0	2	0	1	0	0	0	0	0	0	0	0	0	1	25
GCF_029931445_GCF_038049955	105	3	0	4	3	0	7.5	0	1	9	3	0.5	0	0	2.5	1.5	1	3.5	3	3.5	1	6	3	3	2	10	3	31
GCF_038049955_GCF_029931445	30	0	0	5.5	1	0	2	0	1	0	0.5	0	0	0	0	1	0	1	7.5	1	0	0.5	0	0	0	1	2	6
GCF_964272285_GCF_964272275	3	0	0	0	0	0	0	0	0	0	0	0	0	0	0	0	3	0	0	0	0	0	0	0	0	0	0	0
GCF_038095755_GCF_038095685	20	1.5	0	0.5	0	0	0	0	0	0	0	0	0	0	0	0	1	0	0.5	0.5	0	1.5	0	0	0	1.5	0	13
GCF_038096005_GCF_038096035	3	0	0	0	0	0	0	0	0	0.5	0	0	0	0	0	0	0	0	0	0	0	0	0	0.5	0	0	0	2
GCF_000020065_GCF_900660715	12	4	0	2	0	0	0	0	0	0	0	0	0	0	0	1	0	0	0	0	0	0	0	0	0	1	0	4
GCF_900660735_GCF_003269445	3	0	0	0	0	0	0	0	0	0	1	0	0	0	0	0	0	0	0	0	1	0	0	0	0	0	0	1
GCF_046543865_GCF_054161265	1	0	0	0	0	0	0	0	0	0	0	0	0	0	0	0	0	0	0	0	0	0	0	0	0	0	0	1
GCF_054686585_GCF_051027325	3	0	0	0	0	0	0	0	1	0	0	0	0	0	0	0	0	0	0	0	0	0	0	0	0	0	0	2
GCF_032681245_GCF_041053155	2	0	0	0	0	0	0	0	0	0	0	0	0	0	0	0	0	1	0	0	0	0	0	0	0	0	0	1
GCF_041053155_GCF_032681245	12	2.5	0	0.5	0	0	0	0	0.5	0.5	0	0	0	0	0	0.5	0	0	0	2	1	0.5	0	1.5	0	0.5	0	2
GCF_048164815_GCF_048164805	4	1	0	1	0	0	0	0	0	0	0	0	0	0	0	0	0	0	1	0	0	0	0	0	0	0	0	1
GCF_000010685_GCF_000195835	8	1	0	1	0	0	0	0	1	0	0	0	0	0	0	0	0	0	0	0	1	1	0	0	0	0	0	3
GCF_000195835_GCF_000010685	29	2	0	2	0	0	0	0	0	0	0	0	0	0	0	1	0	0	0	1.5	0	4	0	1	0	1.5	1	15
GCF_000195835_GCF_039555365	39	1	0	2	1	0	0	0	3	2	0	0	0	0	0	1	0	0	0	1	0.5	0	1	0	0	2.5	4	20
GCF_039555365_GCF_000195835	25	2	0	0	0	0	0	0	3	0	2	0	0	0	0	1	0	0	1	1	1	1	3	0	0	1	1	8
GCF_000400615_GCF_002116795	2	0	0	0	0	0	0	0	0	0	0	0	0	0	0	0	0	0	0	0	0	0	0	0	0	0	1	1
GCF_002116795_GCF_000400615	6	0	0	1	1	0	0	0	0	0	0	0	0	0	0	0	0	0	0	1	0	0	1	1	0	0	0	1
GCF_000698475_GCF_000706665	25	1	0	1	0	0	0	0	1	0	0	0	0	0	0	1	1	1	1	1.5	0	1	4	0	0	2.5	1	8
GCF_000706665_GCF_000698475	12	0	0	0	0	0	0	0	0	0	1	0	0	0	1	0	0	1	1	0	0	0	2	0	1	1	0	4
GCF_001895785_GCF_014899645	9	0	0	1	0	0	0	0	0	0	0	0	0	0	0	0	0	0	0	1	1	0.5	0	0	0	2.5	1	2
GCF_014899645_GCF_001895785	49	1	0	2	1	0	0	0	2	2	0	0	0	0	1	0.5	2	3	3	2.5	1	1.5	5	1	1	5.5	1	13
GCF_002116795_GCF_014900515	15	2	0	1	0	0	0.5	0	0	0	0	0.5	0	0	0	0	0	0	0	1	0	1	3	0	0	0	1	5
GCF_014900515_GCF_002116795	3	0	0	0	0	0	0	0	0	0	0	0	0	0	0	0	0	0	0	0.5	0	0.5	0	0	0	0	1	1
GCF_002116795_GCF_030323745	8	0	0	1	0	0	0	0	1	0	0	0	0	0	0	2	0	0	0	0	0	0	2	1	0	0	0	1
GCF_030323745_GCF_002116795	2	0	0	0	0	0	0	0	0	0	0	0	0	0	0	0	0	0	0	0	0	0	0	0	0	1	1	0
GCF_007833935_GCF_051132375	14	1	0	0	0	0	0	0	0	0	1	0	0	0	0	0	0	0	2	0	0	0	0	1	1	1	1	6
GCF_051132375_GCF_007833935	11	2	0	0	0	0	0	0	0	0	0	0	0	0	0	0	0	1	0	1	0	2	0	0	0	0	0	5
GCF_007833935_GCF_965124865	18	1	0	3	0	0	0	0	3	0	0	0	0	0	0	0	0	0	0	0.5	0	0.5	1.5	2	2	1.5	1	2
GCF_965124865_GCF_007833935	8	0	0	0	0	0	0	0	1	0	0	0	0	0	0	0	2	0	0	0	0	0	0	1	0	0	2	2
GCF_008761675_GCF_014899525	22	1	0	0	0	0	0.5	0	0	1	0	0.5	0	0	1	2	2	3	0	0	0	1	1	0	1	0	0	8
GCF_014899525_GCF_008761675	26	1	0	1	0	0	0	0	0	0	2	0	0	0	0	0	0	1	0	0	1	0	3	5	0	1	1	10
GCF_014899245_GCF_014899365	10	0	0	0	0	0	0	0	0	0	0	0	0	0	0	0	0	0	1	1.5	0	3.5	0	0	0	0	0	4
GCF_014899365_GCF_014899245	36	1	0	2.5	1	0	0.333333333333333	0	2	0.333333333333333	0.333333333333333	0	0	0	0	1	0	0	0	0	1	0	1	1	1	2.5	1	20
GCF_014899525_GCF_982191695	18	0	0	0	0	0	0	0	1	0	0	0	0	0	0	0	4	1	0	0	0	2	0	0	0	1	0	9
GCF_982191695_GCF_014899525	13	0	0	0	0	0	0	0	0	0	0	0	0	0	0	0	2	1	0	1	1	0	0	0	1	1	1	5
GCF_046736005_GCF_047040205	60	42	0	5	1	0	0	0	0	1	0	0	0	0	2	3	0	0	0	1	1	0.5	2	0	0	1.5	0	0
GCF_014899645_GCF_029867265	19	2	0	0	0	0	0	0	0	1	2	0	0	0	0	1	0	0	1	0	0	1.5	2	0	1	0.5	0	7
GCF_029867265_GCF_014899645	8	2	0	0	0	0	0	0	0	0	0	0	0	0	0	0	0	0	0	0	2	0	0	0	0	0	1	3
GCF_014900515_GCF_039906425	7	1	0	0	0	0	0	0	0	0	0	0	0	0	0	0	0	0	0	1	1	1	1	0	0	0	0	2
GCF_039906425_GCF_014900515	8	0	0	0	0	0	1	0	0	0	0	0	0	0	0	0	2	1	0	0.5	0	0.5	2	0	0	0	0	1
GCF_017901095_GCF_017901115	35	0	0	0	2	0	0	0	3	0	0	0	0	0	0	1	2	1	2	3	1	0	4	1	0	3	0	12
GCF_022870165_GCF_965124535	13	0	0	1	0	0	0	0	0	0	0	0	0	0	0	0	0	0	0	0	0	0	0	0	0	2	1	9
GCF_965124535_GCF_022870165	7	0	0	0	0	0	0	0	0	0	0	0	0	0	0	0	0	3	0	0	0	0	1	1	0	1	0	1
GCF_038096075_GCF_047302475	12	0	0	0	1	0	0	0	1	0	0	0	0	0	0	0	0	0	1	0	0	0	1	0	0	1	0	7
GCF_047302475_GCF_038096075	28	0	0	1	0	0	0	0	3.5	1	0	0	0	0	0	0	0	0.333333333333333	0	2	0	0	3.33333333333333	1	1.5	1.33333333333333	2	11
GCF_001677135_GCF_001605725	36	0	0	1	1	0	0	0	1	2	0	0	0	0	0	2	0	1	1	1.5	1	2.5	5	3	1	2	3	8
GCF_001606215_GCF_001610615	101	0	1	1.5	0	0	0.333333333333333	0	2	0.833333333333333	1.33333333333333	0	0	0	0	4	2.5	1	3	2	1.5	7	3	2	0	5	0	63
GCF_001610615_GCF_001606215	66	2	0	5	1	0	0	0	0	0	0	0	0	0	0	1	0	1	1	5	0	1.5	4	1	4	3.5	3	33
GCF_004101725_GCF_004101745	6	0	0	1	1	0	0	0	0	1	1	0	0	0	0	0	0	0	0	0	0	0	0	0	0	0	0	2
GCF_004101745_GCF_004101725	30	2.5	0	1	1	0	0	0	1	0	0	1	0	0	0	0.5	2	0	1	4	0	2	2	0	0	3	2	7
GCF_001606315_GCF_021251405	219	3	0	17	2	0	1	0	2.5	4	1.5	1	0	0	0	8	1	10	7.83333333333333	13.3333333333333	2.5	14	16	7.5	6	13.8333333333333	3	84
GCF_021251405_GCF_001606315	42	0	0	4	0	0	0	0	0	1	1	0	0	0.5	0.5	2	0	1	0	0	3	2	5	1	0	4	3	14
GCF_001677175_GCF_004209835	147	2	0	13	0	0	2	0	2	4.5	4.5	0	0	0	0	4	2	4	7.5	2	1.5	2.5	13.5	13	4.5	11.5	6	47
GCF_004209835_GCF_001677175	173	5.5	0	13	1	0	1.5	0	5	11.5	6	0.5	0	0	0	2	0	5.5	1	6.5	0.5	5	12.5	9.5	6.5	8	8	64
GCF_002140035_GCF_004209815	32	0	0	1	2	0	1.5	0	1	0	2	0	0	0	0	0	0	1	1	1	0	0	2.5	2	0.5	3.5	2	11
GCF_004209815_GCF_002140035	2	0	0	0	0	0	0	0	0	0	0	0	0	0	0	0	0	0	0	0	0	0	0	0	0	0	0	2
GCF_004027995_GCF_021251405	73	2	0	6.5	2	0	0	0	1.5	1.5	8	0	0	0	0	0.5	0	2.5	2	4	0.5	2.5	4	4	0.5	5	1	25
GCF_021251405_GCF_004027995	9	0	0	0.5	1	0	0	0	0	1	0	0	0	0	0	0	0.5	0	0	0	0	0	0	0	0	1	0	5
GCF_004209815_GCF_014843195	85	5.5	0	8	1	0	2	0	2	6	1.5	0.5	0	0	0	3	0	2.5	2	1.5	1	2.5	5	3	1	3	5	29
GCF_014843195_GCF_004209815	383	10	0	26	8.5	0	4	0	1	8	10	0.5	0	0	1	9.5	0	18	13.5	13	16.5	16.5	33	16.5	11	18.5	9	139
GCF_004209815_GCF_041501455	13	0	0	0.5	0	0	0	0	0	0	0	0	0	0	0	0	0	1	0	1.5	0	1	1	2	0	1	1	4
GCF_041501455_GCF_004209815	144	3	0	12	3	0	1	0	3	5.5	12	0	0	1	1	3	1	4	3.83333333333333	10.8333333333333	0	2	7	10	6	12.8333333333333	5	37
GCF_024758225_GCF_020091405	4	0	0	0	0	0	0	0	0	0	0	0	0	0	0	0	0	0	0	0	0	0	0	0	0	0	0	4
GCF_017183795_GCF_017189375	5	0	0	0	0	0	0	0	0	1	0	0	0	0	0	0	0	1	1	0	0	0	0	0	0	1	0	1
GCF_017189375_GCF_017183795	106	4.5	0	4.5	0	0	2	0	2.5	0	5	1	0	0	0	11.5	1.5	8	3	3	2	6	5	5	1.5	4	2	34
GCF_017183835_GCF_017190695	51	3.5	0	3	3	0	0	0	1	1	0	1	0	0	0	1.5	0	1.5	0	3	0	2	0	1	0	5.5	2	22
GCF_017190695_GCF_017183835	21	0	0	3	0	0	0	0	1	1	0	0	0	0	0	2	0	0.5	1	0	0	0.5	5	1	0	1	0	5
GCF_017190695_GCF_017189355	2	0	0	0	0	0	0	0	0	0	1	0	0	0.5	0.5	0	0	0	0	0	0	0	0	0	0	0	0	0
GCF_017189415_GCF_017190695	291	15	0	24.5	8	0	1	0	2.5	6.5	8	0	0	0	0	6	2	8	12	18	8	10.5	23.5	12.5	9.5	19.5	10	86
GCF_017190695_GCF_017189415	49	6	0	3	2	0	1	0	1	0	5	0	0	0	0	2	0	0	3	4	2	4.5	1	0	0	2.5	2	10
GCF_017190695_GCF_046529355	30	0	0	0.5	2	0	0	0	2	1	0	0	0	0	0	1	0.5	1	1	1	0	1	0	2	0	2	3	12
GCF_046529355_GCF_017190695	69	4	0	7	0	0	2	0	0.5	2	4	0	0	0	0	3	0	0.5	2	2	2	1.5	9	1.5	0.5	3.5	4	20
GCF_046529365_GCF_046529375	9	0	0	1	0	0	0	0	0	0	0	0	0	0	0	2	0	4	0	0	0	0	0	0	0	0	0	2
GCF_024600035_GCF_000767605	1	0	0	0	0	0	0	0	0	0	0	0	0	0	0	0	0	0	0	0	0	0	1	0	0	0	0	0
GCF_009931355_GCF_010731575	1	0	0	0	0	0	0	0	0	0	0	0	0	0	0	0	0	0	0	1	0	0	0	0	0	0	0	0
GCF_010727725_GCF_900637205	7	0	0	0	0	0	0	0	0	0	0	0	0	0	0	2	0	1	0	0	0	0	1	0.5	0	0.5	1	1
GCF_900637205_GCF_010727725	9	1	0	1	0	0	0	0	0.5	0	0	0	0	0	0	1	0	0	0	1	0	0	2	1	0.5	1	0	0
GCF_022179545_GCF_036585175	2	0	0	0	0	0	0	0	0	0	0	0	0	0	0	0	0	0	0	0	0	0	0	0	0	0	0	2
GCF_036585175_GCF_022179545	18	2	0	0	0	0	0	0	1	0	0	0	0	0	0	1	0	0	1	1	0	4	0	1	0	1	0	6
GCF_036585175_GCF_050888305	20	2	0	1	0	0	0.5	0	1	0	1	0	0	0	0	0	0	1	1	0	1.5	2.5	0.5	0	1	2	0	5
GCF_000143865_GCF_051054235	7	0	0	0	0	0	0	0	0	0	0	0	0	0	0	0	0	2	1	0	0	2	0	0	0	1	0	1
GCF_051054235_GCF_000143865	1	0	0	0	0	0	0	0	0	0	0	0	0	0	0	0	1	0	0	0	0	0	0	0	0	0	0	0
GCF_011464035_GCF_011464375	1	0	0	0	0	0	0	0	0	0	0	0	0	0	0	0	0	0	0	0	0	0	0	0	0	0	0	1
GCF_000253015_GCF_028571385	4	0	0	0	0	0	0	0	0	0	0	0	0	0	0	0	0	4	0	0	0	0	0	0	0	0	0	0
GCF_028571385_GCF_000253015	12	1	0	0	0	0	0	0	1	0	1	0	0	0	0	0	0	4	0	1	0	1	0	0	1	1	0	1
GCF_018406545_GCF_051054235	5	2	0	0	0	0	0	0	0	0	0	0	0	0	0	1	1	0	0	0	0	0	0	0	0	0	0	1
GCF_051054235_GCF_018406545	15	2	0	2	0	0	2	0	0	0	1	0	0	0	0	0	0	0	0	1	0	0	0	0	0	0	0	7
GCF_000286815_GCF_000286775	2	0	0	0	0	0	0	0	0	0	0	0	0	0	0	0	0	0	0	0	0	0	0	0	0	0	0	2
GCF_002090275_GCF_002090295	1	0	0	0	0	0	0	0	0	0	0	0	0	0	0	0	0	0	0	0	0	0	0	0	0	0	0	1
GCF_009939745_GCF_009944725	1	0	0	0	0	0	0	0	0	0	0	0	0	0	0	0	0	0	0	0	0	0	0	0	0	0	0	1
GCF_051016095_GCF_001281405	1	0	0	0	0	0	0	0	0	0	0	0	0	0	0	0	0	0	0	0	0	0	0	0	0	0	0	1
GCF_029815015_GCF_022349965	6	0	0	1	1	0	0	0	0	1	0	0	0	0	0	0	0	0	0	0	0	0	0	0	0	1	0	2
GCF_022349965_GCF_036289305	6	0	0	0	0	0	0	0	0	0	0	0	0	0	0	0	0	1	0	0	0	0	0	0	0	0	0	5
GCF_036289305_GCF_022349965	1	0	0	0	0	0	0	0	0	0	0	0	0	0	0	0	0	0	0	0	0	0	0	0	0	0	0	1
GCF_000829335_GCF_003925935	1	0	0	0	0	0	0	0	0	0	0	0	0	0	0	0	0	0	0	0	0	0	0	0	0	0	0	1
GCF_003925935_GCF_000829335	6	2	0	0	0	0	1	0	0	0	0	0	0	0	0	0	0	0	0	0	0	1	0	0	0	0	0	2
GCF_013393745_GCF_002009055	32	4	0	2	1	0	0	0	0	0	0	0	0	0	0	1	0	2	3	1	0	0	1	1	0	2	1	13
GCF_003354305_GCF_003354445	9	0	0	1	1	0	0	0	0	0	0	0	0	0	0	0	1	0	1	0	0	0	0	0	0	0	0	5
GCF_003354445_GCF_003354305	4	0	0	0	0	0	0	0	0	0	0	0	0	0	0	1	0	0	0	0	0	0	0	0	0	1	0	2
GCF_003354445_GCF_003354485	21	1.33333333333333	0	0.333333333333333	1.33333333333333	0	0	0	0	0	0	0	0	0	3	0	3	1	0	0	0	0	0	0	0	0	0	11
GCF_036542405_GCF_036542445	2	0	0	0	0	0	0	0	0	0	0	0	0	0	0	1	0	0	0	0	0	0	0	0	0	0	0	1
GCF_036542445_GCF_036542405	1	0	0	0	0	0	0	0	0	0	0	0	0	0	0	0	0	0	0	0	0	0	0	0	0	0	0	1
GCF_001661115_GCF_003571465	1	0	0	0	0	0	0	0	0	0	0	0	0	0	0	0	0	0	0	0	0	0	1	0	0	0	0	0
GCF_003571465_GCF_001661115	2	0	0	0	0	0	0	0	0	0	0	0	0	0	1	0	0	0	0	0.5	0.5	0	0	0	0	0	0	0
GCF_002735245_GCF_021560485	9	2	0	0.5	0.5	0	0	0	0	0	2	0	0	0	0	1	0	3	0	0	0	0	0	0	0	0	0	0
GCF_001697405_GCF_001697485	17	2	0	0	0	0	0	0	0	0	3	0	0	0	0	1	0	2	1	1	0	0	0	2	0	0	1	4
GCF_001697485_GCF_001697405	1	0	0	0	0	0	0	0	0	0	0	0	0	0	0	0	0	0	0	0	0	0	0	1	0	0	0	0
GCF_001697485_GCF_001697925	12	0	0	1	1	0	0	0	0	0	1	0	0	0	0	1	1	0	0	3	1	0	0	0	0	1	0	2
GCF_001697925_GCF_001697485	13	0	0	1	2	0	0	0	0	0	0	0	0	0	1	1	1	1	0	0	0	0	0	2	0	0	0	4
GCF_001697645_GCF_001697765	1	0	0	0	0	0	0	0	0	0	0	0	0	0	0	0	0	0	0	0	0	0	0	0	0	0	1	0
GCF_001697765_GCF_001697645	1	0	0	0	0	0	0	0	0	0	0	0	0	0	0	0	0	0	0	0	1	0	0	0	0	0	0	0
GCF_001697925_GCF_001698065	1	0	0	0	0	0	0	0	0	0	0	0	0	0	0	0	0	0	0.5	0.5	0	0	0	0	0	0	0	0
GCF_001698065_GCF_001697925	7	0	0	1	1	0	0	0	0	0	1	0	0	0	0	0.5	0	0	0	1	2	0.5	0	0	0	0	0	0
GCF_015679665_GCF_015679735	6	2	0	2	0	0	0	0	0	0	2	0	0	0	0	0	0	0	0	0	0	0	0	0	0	0	0	0
GCF_015679735_GCF_015679665	3	0	0	0	0	0	0	0	0	0	0	0	0	0	0	0	0	0	1	0	0	0	0	0	0	0	1	1
GCF_030644885_GCF_030644905	2	0	0	0	0	0	0	0	0	0	0	0	0	0	0	0	0	1	0	0	0	0	1	0	0	0	0	0
GCF_030644905_GCF_030644885	4	1	0	0	0	0	0	0	0	0	3	0	0	0	0	0	0	0	0	0	0	0	0	0	0	0	0	0
GCF_030644985_GCF_030644885	2	0	0	0	0	0	0	0	0	0	0	0	0	0	0	1	0	0	0	0.5	0	0.5	0	0	0	0	0	0
GCF_002735245_GCF_056148775	48	0.5	0	1	0	0	0	0	4.5	0	1	0	0	0	0	1	20	0	0	0	0	1	0	0	0	1	0	18
GCF_056148775_GCF_002735245	3	0	0	1	0	0	0	0	0	0	0	0	0	0	0	0	0	1	0	1	0	0	0	0	0	0	0	0
GCF_030644985_GCF_030645005	1	0	0	0	0	0	0	0	0	0	0	0	0	0	0	0	0	0	0	0	0	0	0	0	0	0	0	1
GCF_050966025_GCF_050966035	3	0	0	0	0	0	0	0	0	0	2	0	0	0	0	0	1	0	0	0	0	0	0	0	0	0	0	0
GCF_050966035_GCF_050966025	3	0	0	0	0	0	0.5	0	0	0	0	0	0	0	0	0	0	0	0	0	0	0	1.5	0	0	0	0	1
GCF_052059615_GCF_002356035	4	0	0	1	0	0	0	0	0	0	0	0	0	0	0	0	0	0	0	0	0	0	0	0	0	1	0	2
GCF_018223685_GCF_031852375	10	1	0	0	0	0	0	0	0	0	1	0	0	0	0	0	0	0	0	0	0.5	0	2	3.5	0	1	0	1
GCF_018223685_GCF_056393435	14	2	0	1	0	0	0	0	2	1	0	0	0	0	0	0	0	0	0	1	0	0	0	0	1	0	0	6
GCF_030562925_GCF_033097305	2	0	0	0	0	0	0	0	0	0	0	0	0	0	0	0	0	0	0	0	0	1	0	1	0	0	0	0
GCF_033097305_GCF_030562925	5	0	0	0	1	0	0	0	1	0	0	0	0	0	0	0	0	0	0	0	0	0.5	1	0	0	0.5	0	1
GCF_030562925_GCF_033097325	110	6	0	12	4	0	0	0	7	1.5	3	0	0	0	0	2	2	4	3	0	4.5	3.5	3	2	3	4.5	4	41
GCF_033097325_GCF_030562925	100	5	0	4.5	5	0	1	0	2	1.5	0.5	0	0	0	0	0	1	7	3	4.5	1	4	2	0	0	7	2	49
GCF_056393675_GCF_030562925	5	0	0	0	0	0	0	0	0	1	0	0	0	0	0	0	0	2	0	0	0	0	0	0	0	0	0	2
GCF_056393675_GCF_037478025	16	0	0	0	0	0	0	0	2	0	0	0	0	0	0	0	0	0	0	5	0	0	0	2	0	0	1	6
GCF_002951875_GCF_032710345	4	0	0	0	1	0	0	0	0	0	0	0	0	0	0	0	0	0	1	0	0	0	0	1	0	1	0	0
GCF_032710345_GCF_002951875	128	9.5	0	4	3	0	7	0	4	3	10	0	0	0	0	1	3	2	6	9.5	2.5	4.5	1	6.5	1	8.5	5	37
GCF_004792595_GCF_001670445	56	4	0	1	3	0	1	0	0	1	6	0	0	0	0	1	0	6	4	9	3	0.5	0	5	0	3.5	1	7
GCF_004792615_GCF_001670445	1	0	0	0	0	0	0	0	0	0	0	0	0	0	0	0	0	0	0	0	1	0	0	0	0	0	0	0
GCF_001721885_GCF_002891845	69	12	0	3.5	4	0	0.5	0	0	3.5	12	1	0.5	0	0	3	0	4	4	1	1	5.5	0	5	0	1.5	0	7
GCF_002891845_GCF_001721885	27	5	0	1	1	0	0	0	2	1.5	0.5	0	0	0	0	2	1	0	1	0	1	0	2	2	0	0	0	7
GCF_002859485_GCF_002859365	2	0	0	0	0	0	0	0	0	0	0	0	0	0	0	1	0	0	0	0	0	1	0	0	0	0	0	0
GCF_002859365_GCF_050994915	6	2	0	0	0	0	0	0	0	0	0	0	0	0	0	1	0	0	0	0	0	0	0	0	0	0	1	2
GCF_050994915_GCF_002859365	40	3	0	1	4	0	1	0	0	0	2.5	0	0	0	0	0	0	1	11.5	1	1	4	0	3	1	0	1	5
GCF_002859385_GCF_002859445	71	6	0	0.5	5	0	0	0	2.5	2	19.5	0	0	0	4	3	0	3.5	1.5	4	1	2.5	1	2	1	1	3	8
GCF_022569535_GCF_022569695	4	1	0	0	0	0	0	0	0	0	0	0	0	0	0	0	0	1	0	0	0	0	0	0	0	0	0	2
GCF_022569695_GCF_022569535	22	3	0	0	0	0	2	0	1	1.5	0	0	0	0	0	2	1	1	0	2	0.5	1	0	1	0	2	1	3
GCF_002859445_GCF_047758075	9	1	0	0.5	1	0	0	0	0	0	0	0	0	0	0	1	0	2	0	0.5	1	0	0	0	0	0	0	2
GCF_047758075_GCF_002859445	172	21.5	0	2.5	10	0	5	0	3	3.5	24.5	2	0	0	5	6	0	5	8	11.5	5.5	10.5	3	4	0	7.5	3	31
GCF_002859445_GCF_054171565	13	0	0	0	0	0	0	0	0	0	1	0	0	0	0	0	0	0	0	4	0	1	0	0	0	0	1	6
GCF_054171565_GCF_002859445	138	30	0	2	2	0	3	0	1	1	6.5	0	0	0	3	5.5	1	7	10	12	1	5.5	3	4	3	4.5	6	27
GCF_002859485_GCF_046736115	2	0	0	0	0	0	0	0	0	0	1	0	0	0	0	0	0	0	0	0	1	0	0	0	0	0	0	0
GCF_009646155_GCF_050157095	19	1	0	1	0	0	0	0	0	1	0	0	0	0	0	4	1	1	2	3	0	0	0	3	1	0	0	1
GCF_050157095_GCF_009646155	31	1	0	1.5	0	0	0	0	0	5	3	0	0	0	1	2	0	3	3.5	0	0	4	0	0	0	1	2	4
GCF_014058605_GCF_021441925	7	1	0	0	0	0	0	0	0	0	0	0	0	0	0	1	0	2.5	1	0	0	0.5	0	1	0	0	0	0
GCF_021441925_GCF_014058605	170	14	0	9	4	0	1.5	0	0	1.5	8	1.16666666666667	0	1.16666666666667	0.666666666666667	9	1	8	21	13.5	2.5	14	9	11	0	8	8	24
GCF_049852275_GCF_014058605	209	19.3333333333333	0	11.5	8	0	1	0	5	6.5	13	0	0	5	5	9.83333333333333	0	24	20.8333333333333	9.33333333333333	6	9.83333333333333	1	7	1.5	12.3333333333333	9	24
GCF_016313205_GCF_048814815	11	0	0	0	0	0	0	0	0.5	0	0	0	0	0	0	0	0	0	0	5	0.5	0	0	0	0	1	1	3
GCF_048814815_GCF_016313205	9	1	0	1.5	1	0	0.5	0	0	0	0.5	0	0	0	0	0	0	0	3.5	0.5	0	0	0.5	0	0	0	0	0
GCF_045945445_GCF_050932065	3	0	0	0	0	0	0	0	0	0	0	0	0	0	0	0	0	0	0	0	0	0	0	0	0	0	0	3
GCF_050932065_GCF_045945445	14	0	0	0	0	0	0	0	0	0	0	7	0	0	0	0	0	0	0	0	0	0	0	4	0	0	0	3
GCF_030122645_GCF_026153335	68	5	0	3.5	2.5	0	0	0	0	2	2.5	0	0	0	0	2	1	0	8.33333333333333	3.83333333333333	2	7	3	5.5	0	6.83333333333333	4	9
GCF_042134655_GCF_000023605	1	0	0	0	0	0	0	0	0	0	0	0	0	0	0	0	0	0	0	0	0	0	0	0	0	0	0	1
GCF_016944275_GCF_016944435	23	2	0	2	2	0	0	0	2	5	1	0	0	0	1	0	0	0	0	0	0	3	1	0	0	0	1	3
GCF_016944435_GCF_016944555	13	2	0	1	1	0	0	0	1	3	0	0	0	0	1	0	0	0	0	0	0	1	1	0	0	0	1	1
GCF_016944555_GCF_016944435	109	5	0	6	1	0	1	0	3	3	12.5	0	0	0	0	6	3.5	2	15.5	1	0	1	1	8	1	3.5	5	30
GCF_016944435_GCF_022220705	1	0	0	0	0	0	0	0	0	0	0	0	0	0	0	0	0	0	0	0	0	0	0	0	0	0	1	0
GCF_022220705_GCF_016944435	1	0	0	0	0	0	0	0	0	0	0	0	0	0	0	0	0	0	0	0	0	0	0	0	0	0	0	1
GCF_047302755_GCF_047302865	5	0	0	0	0	0	0	0	0	0	0	0	0	0	0	0	0	0	0	0	0	0	0	0	0	0	0	5
GCF_047302865_GCF_047302755	12	0	0	0	0	0	0	0	0	0	0	0	0	0	0	0	0	0	0	1	0	0	0	0	0	1	2	8
GCF_047302795_GCF_047303505	15	2.33333333333333	0	0.333333333333333	0.333333333333333	0	0	0	0	0	0	0	0	0	0	0	0	1.5	1	1.5	0	1	0	0	0	2	1	4
GCF_047303505_GCF_047302795	12	0	0	0	3	0	0	0	0	0	2	0	0	0	0	2	0	0	0	1.5	0	0.5	0	0	0	1	0	2
GCF_047302865_GCF_047302985	11	1	0	0	0	0	0	0	0	0	0	0	0	0	0	2	0	1	0	0	0	0	0	3	0	0	1	3
GCF_047302985_GCF_047302865	7	0	0	0	0	0	0	0	0	0	0	0.5	0	0.5	0	0	0	0	0	0	0	0	1	0	0	0	0	5
GCF_047303505_GCF_047305135	15	1	0	0.5	0	0	0	0	0	0.5	0	0	0	0	0	0	0	1	0	0	1	0	0	0	1	0	0	10
GCF_047305135_GCF_047303505	14	3	0	0	1	0	0	0	0	0	0	0	0	0	0	0	0	5	1	1	0	0	0	0	0	0	0	3
GCF_047304535_GCF_047305145	15	3	0	0.5	0	0	0	0	0	0	2	0	0	0	0	1.5	0	0	0.333333333333333	1.33333333333333	0	1	0	1	0	0.333333333333333	0	4
GCF_047305145_GCF_047304535	14	1	0	0	0	0	0	0	0	0	0	0	0	0	0	0	0	2	0	2	0	1	0	0	0	0	0	8
GCF_016772335_GCF_016772355	26	3	0	1	3	0	0	0	1	0	2	0	0	0	0	0	1	0	1	0	0	0	0	0	0	2	0	12
GCF_022353845_GCF_037113445	139	12	1	7.5	8	0	3.5	0	1	4	16	4	0	2	0.5	5	1	3	8.5	5	4.5	6.5	4	6	0	7	3	26
GCF_037113445_GCF_022353845	82	8	0	7.5	1	0	4	0	3	1.5	6	0	0	0	1	1	0	3	6	0	0	2	2	5	1	4	2	24
GCF_037113445_GCF_041519755	51	2	0	1.5	1	0	0	0	1	2	1	0	0	0	11.8333333333333	1	1.33333333333333	0	0	2	1	1	0	0	0	3.33333333333333	1	20
GCF_041519755_GCF_037113445	199	18.5	0	7.5	9	0	4	0	3.5	5.5	14	1.5	0	1.5	2	12.5	0	15	12.5	27	5	10	5	6.5	0	4.5	8	26
GCF_050213245_GCF_050213075	18	3	0	2	0	0	0	0	0	1	4	0	0	0	1	0	0	1	0	0	0	0	0	1	0	0	0	5
GCF_044866785_GCF_044502405	2	0	0	0	0	0	0	0	0	0	0	0	0	0	0	0	0	0	2	0	0	0	0	0	0	0	0	0
GCF_002085605_GCF_030186885	342	17.5	1	26	6	0	3	0	5	11.5	10	6.33333333333333	0	2.83333333333333	10.8333333333333	10	8	30.3333333333333	14.8333333333333	22.3333333333333	5	8.83333333333333	8	29.5	9	12.1666666666667	16	68
GCF_030186885_GCF_002085605	19	1	0	2	0	0	0	0	0	0	0.5	0	0	0	0	2	0	1	1.5	0	3	0	2	1	0	0	1	4
GCF_000277165_GCF_000367405	1	0	0	0	0	0	0	0	0	0	0	0	0	0	0	0	0	0	0	0	0	1	0	0	0	0	0	0
GCF_002357115_GCF_000283595	3	1	0	0	0	0	0	0	0	0	0	0	0	0	0	0	0	0	1	0	0	0	0	0	0	0	0	1
GCF_044058815_GCF_044038695	2	0	0	0	0	0	0	0	0	0	0	0	0	0	0	0	0	0	0	0	0	0	0	0	0	1	0	1
GCF_000750475_GCF_001975555	75	9	0	0	3	0	1	0	1	0	4.5	1	0	0	1	3	0	0	2	5.5	1.5	2.5	5.5	5	1.5	4	2	22
GCF_001975555_GCF_000750475	78	5	0	2.5	4	0	1	0	0.5	2	5	0	0	0	0	5	0	1	5.5	2.5	1.5	1	2	2	1	7.5	5	24
GCF_000940895_GCF_011465815	86	1	0	1.5	0	0	1	0	1	1	0	0	0	0	0	0	0.5	2.33333333333333	4	1	0	7.33333333333333	2.5	1	5	0.833333333333333	0	56
GCF_011465815_GCF_000940895	226	7	0	9	7	0	1.5	0	5.5	5	10	0	0	0	3	17.5	1	16.5	15	4.5	3.5	2.5	5.5	6.5	3	6.5	13	83
GCF_000953495_GCF_038020335	96	4	0	6.5	1	0	1	0	1.5	1.5	4	0	0	0.5	2.5	9	0	11.8333333333333	7	7.5	0	1	0.333333333333333	6.5	0	4.33333333333333	2	24
GCF_038020335_GCF_000953495	117	10	0	10	4	0	0	0	2	3	5.5	0.5	0	1.5	0	4	0	3	14.5	4	2	5	4	4	0	5	2	33
GCF_001302605_GCF_028747905	48	3	0	4	3	0	0	0	1	0	4	1	0	0	0	0	2	4	6	3	1	3	0	5.5	0	0.5	0	7
GCF_028747905_GCF_001302605	38	5	0	5	0	0	1	0	1	1	7	0	0	0	1	1	0	3	3.33333333333333	3.33333333333333	0	3	0	2	0	0.333333333333333	0	1
GCF_001623625_GCF_011465815	91	6	0	2.5	0	0	2	0	2	4.5	12.5	0.833333333333333	0	0.833333333333333	0.333333333333333	6	0	2	5.5	4	1	1	1	2	0	3	1	33
GCF_011465815_GCF_001623625	145	0.5	0	12	5	0	0.5	0	3.5	1.5	5.5	4	0	2	2	12.5	0	12	12.5	8.5	2.5	4.5	1	3.5	0	6.5	3	42
GCF_000195715_GCF_022406995	46	2	0	3	2	0	0	0	1	0	2.5	0	0	0	0	0	5	5	2	7.5	1	2.5	2	0.5	3	4	0	3
GCF_022406995_GCF_000195715	48	0.5	0	3.5	1	0	0	0	0	3	2	0	0	0	0	0	7	2.5	1	5.5	0	0	3	4	1	7	1	6
GCF_003177255_GCF_004941405	86	2	0	4	2	0	0	0	0	1	2	0	0	0	0	0	4.5	4	9.5	7	0	1	2	2	0	3	4	38
GCF_004941405_GCF_003177255	9	0	0	0	0	0	0	0	0	0	0	0	0	0	0	1	0	4	1	1	0	0	0	0	0	0	1	1
GCF_004941405_GCF_009756475	1	0	0	0	0	0	0	0	0	0	0	0	0	0	0	0	0	1	0	0	0	0	0	0	0	0	0	0
GCF_009756475_GCF_004941405	2	0	0	0	0	0	0	0	0	0	0	0	0	0	0	0	0	0	0	1	0	0	0	0	0	0	0	1
GCF_006874805_GCF_009756475	10	0	0	1	0.5	0	0	0	0	0	0	0	0	0	0	0	1.5	0	0	1	0	0	0	0	0	0	0	6
GCF_009756475_GCF_026013315	40	0.5	0	0.5	3	0	1	0	1	7	0	3.5	0	0	0	0	0	0	3	4.5	0	0	2.5	3	3	1.5	1	5
GCF_026013315_GCF_009756475	27	0	0	0	0	0	0	0	0	6.5	3	4.5	0	0	0	2	0	1	3	2	0	0.5	0	1	0	1.5	0	2
GCF_009756475_GCF_037839595	19	1	0	0	1	0	0	0	2.5	2	4.5	0	0	0	0	1	0	0	0	1	2	0	0	0	0	1	0	3
GCF_037839595_GCF_009756475	37	0	0	1	1	0	0	0	0	2	0	1.5	0	1.5	0	5	0	6	3	6	0	1	0	2	0	1	1	5
GCF_009756475_GCF_903992995	217	11.5	0	12	9	0	2	0	4.5	3.5	11	4.5	0	0	2.5	6	0.5	2.5	22.5	9.5	1.5	3	6	5.5	0	12.5	5	82
GCF_903992995_GCF_009756475	89	1	0	5.5	1	0	0	0	1.5	2.5	3	2	0	2	0	0	1	1	1	4	1.5	10.5	0	5.5	1	3	2	40
GCF_014805785_GCF_015708295	212	8	0	15	9	0	0.333333333333333	0	4	11	9.33333333333333	9.5	0	4.5	2	10	1	12.5	17	15.5	4.5	7	6	5.83333333333333	2	11	11	36
GCF_015708295_GCF_014805785	51	6	0	5	3	0	0	0	0	6	1.5	0	0	0	1	1	0	1	2	3.5	1	4	2	1	0	0	1	12
GCF_020714845_GCF_020715305	10	1	0	1	0	0	0	0	0	0	1	0	0	0	0	0	0	0	3	1.5	0	0	0	0	0	0.5	0	2
GCF_020715305_GCF_020714845	7	1	0	0	0	0	0	0	0	0	0	0	0	0	0	0	0	0	1	0	0	1	0	0	0	0	0	4
GCF_020714845_GCF_054953405	43	3	0	2.5	1	0	0	0	1	2.5	3.5	0.5	0	0	0	3	0	1	1	1.5	0.5	3	2	2	1	4	4	6
GCF_054953405_GCF_020714845	7	0	0	0	0	0	0	0	1	1	0	0	0	0	0	0	0	3	1	0	0	0	0	0	0	0	0	1
GCF_021266265_GCF_021266405	12	0	0	0	3	0	0	0	0	0	0	0	0	0	0	1	1	0	1	0	0	0	0	0	0	1	0	5
GCF_021266405_GCF_021266265	2	0	0	0	0	0	0	0	0	0	0	0	0	0	0	0	0	0	0	0	0	0	0	0	0	0	0	2
GCF_001987155_GCF_001605665	2	1	0	0	0	0	0	0	0	0	0	0	0	0	0	0	0	0	0	1	0	0	0	0	0	0	0	0
GCF_024364905_GCF_037839595	265	22	1	19.5	7	0	1	0	11	6.5	11	2	0	0	2	13.5	2	11	35.1666666666667	19.6666666666667	5.5	2	6	4	4	16.1666666666667	18	45
GCF_037839595_GCF_024364905	32	1	0	4	0	0	0	0	0	0	2	0	0	0	0	1	0	8	4	5	0	0	2	1	0	1	0	3
GCF_028747905_GCF_028747885	3	0	0	0	1	0	0	0	0	0	0	0	0	0	0	0	0	0	0	0	0	0	0	0	0	0	0	2
GCF_030254685_GCF_030439685	2	0	0	0	0	0	0	0	1	0	0	0	0	0	0	0	0	0	0	0	0	0	0	1	0	0	0	0
GCF_030439685_GCF_030254685	28	0	0	2.5	1	0	0	0	0	1.5	8	0	0	0	0	1	0	0	0	2	0.5	3	0	1	0	1.5	1	5
GCF_030254745_GCF_900205295	199	7.5	0	10	11	0	1	0	2	4.5	15	6	0	2	2	6	4	3	8.83333333333333	13.3333333333333	6	11	4	5.5	3	11.3333333333333	9	53
GCF_900205295_GCF_030254745	24	0	0	0.5	0	0	0	0	0	2	2	0	0	0	0	2	0	1.5	4.5	1	0	0	0	1.5	0	2	0	7
GCF_030439685_GCF_041682025	19	0	0	1	0	0	0	0	0	1.5	0	1	0	0	3	0	0	0.5	0	1	0	5	2	1	0	1	0	2
GCF_041682025_GCF_030439685	11	1	0	0	0	0	0	0	0	0	0	0	0	0	0	3	0	4.5	0	0	0	0	0	0.5	0	0	0	2
GCF_038020335_GCF_040956555	122	11	1	5	5	0	1	0	1.5	8	15.5	1	0	0	3	5	0	0.5	7.16666666666667	10.6666666666667	6	8.5	5	1	1	4.16666666666667	5	16
GCF_040956555_GCF_038020335	48	5	0	4.5	3	0	0	0	0	4	0.5	0	0	0	1	3.5	0	2.5	1	2	0	2	1	1	3	1	4	9
GCF_016027115_GCF_016027675	109	0	0	13.5	0	0	0.5	0	2	2.5	3.5	0	0	0	1	1	0	1.5	19	15.5	0	1	2	3.5	2.5	8	4	28
GCF_032272945_GCF_001985345	1	0	0	1	0	0	0	0	0	0	0	0	0	0	0	0	0	0	0	0	0	0	0	0	0	0	0	0
GCF_017068195_GCF_003044255	3	0	0	0	0	0	0	0	0	0	0	0	0	0	1	0	0	0	0	1.5	0	0.5	0	0	0	0	0	0
GCF_051015755_GCF_051530155	12	0	0	2	0	0	0	0	0	0	0	0	0	0	0	0	2	0	2	1	0	0	1	0	0	0	0	4
GCF_014489515_GCF_049991885	4	0	0	0	0	0	0	0	0	0	0	0	0	0	0	0	0	0	0	0	0	1	1	0	0	0	0	2
GCF_001029245_GCF_000517365	23	1	0	2	0	0	0	0	0	0	1	0	0	0	0	5	0	1	0	3	0	0.5	1	1	0	1.5	0	6
GCF_016917335_GCF_036670135	90	6.5	0	4.33333333333333	4	0	0	0	0.5	1.83333333333333	3	0.333333333333333	0	0	0	7.5	1	2.5	3	6	2	3.5	2.5	6.5	1.5	3.5	2	28
GCF_036670135_GCF_016917335	43	0.5	0	2.5	0	0	1	0	2	1.5	5	0	0	0	1	1	0	0	7	0.5	0	1	1.5	0	0	2.5	1	15
GCF_022468355_GCF_040529205	58	2.5	0	5	0	0	0	0	1	0	3.5	0	0	0	0	2	0	3	4.33333333333333	7.33333333333333	1	1	3	0.5	1	6.83333333333333	4	12
GCF_040529205_GCF_022468355	24	2	0	1.5	1	0	0.5	0	0	0.5	2	0.5	0	0	0	1	0	1	0.5	1.5	2	2	1	0	0	0	2	5
GCF_900324325_GCF_900324365	20	0	0	0	0	0	0	0	0	0	0	0	0	0	0	0	0	0	0	0	0	0	0	4	0	0	0	16
GCF_900324365_GCF_900324325	22	2	0	0	0	0	0	0	0	0	0	0	0	0	0	0	0	0	1	0	0	1	0	1	0	1	0	16
GCF_964290315_GCF_964057135	2	0	0	0	1	0	0	0	0	0	0	0	0	0	0	1	0	0	0	0	0	0	0	0	0	0	0	0
GCF_016126935_GCF_037213995	4	1	0	0	0	0	0	0	0	0	1	0	0	0	0	0	0	1	0	0	0	0	0	0	0	0	1	0
GCF_041320285_GCF_049262655	51	3	0	4	2	0	0	0	0	0	2	0	0	0	0	1	0	1	1	1	3.5	4	2	2	1	3.5	3	17
GCF_049262655_GCF_041320285	111	6	0	3	3	0	2	0	2.5	3.5	7.5	0	0	1	2	6	0	3	0.333333333333333	4.83333333333333	1.5	2	3	9.5	3	9.33333333333333	4	34
GCF_976996955_GCF_977010935	76	5.5	0	3	3	0	2.5	0	0	0.5	4.5	0	0	0	0	4.5	1	4	2	5.5	1	5.5	2	5	0	4.5	4	18
GCF_001020185_GCF_004154105	5	0	0	0	0	0	0	0	0	0	0	0	0	0	0	1	0	0	0	0	0	0	0	0	0	0	0	4
GCF_004154105_GCF_001020185	1	0	0	0	0	0	0	0	0	0	0	0	0	0	0	0	0	0	0	0	0	0	0	0	0	0	0	1
GCF_014218115_GCF_949788785	7	0	0	0	0	0	0	0	0	0	1	0	0	0	0	0	0	0	0	0	0	0	0	0	0	0	0	6
GCF_949788785_GCF_014218115	67	9	0	3	0	0	1	0	7	3	3	0	0	0	1.5	3	0	1.33333333333333	2.5	5	4	2	6.83333333333333	0	0	3.83333333333333	3	8
GCF_022069485_GCF_022069505	2	0	0	0	0	0	0	0	1	0	0	0	0	0	0	0	0	0	0	0	0	0	0	0	0	0	0	1
GCF_040687915_GCF_022318545	27	5	0	1.5	1.5	0	0	0	2	0	2	0.333333333333333	0	0.333333333333333	0.333333333333333	1	0	1	1	1.5	1	0	0	0	0	0.5	4	4
GCF_027943765_GCF_052433795	15	1	0	2	0	0	0	0	0	0	1	1	0	0	0	0	0	1	2	0	0	0	0	1	0	0	1	5
GCF_052433795_GCF_027943765	40	1	0	0	4	0	0	0	3.5	0	0	0	0	0	0	0	1	0	1	2	11.5	0	2	3	0	1	3	7
GCF_041431045_GCF_041447195	15	5	0	2	2	0	0	0	0	0	0	0	0	0	0	0	0	0	0	0	0	0	0	1	0	0	3	2
GCF_016028655_GCF_000219605	1	0	0	0	0	0	0	0	0	1	0	0	0	0	0	0	0	0	0	0	0	0	0	0	0	0	0	0
GCF_016127795_GCF_900638035	1	0	0	0	0	0	0	0	0	0	0	0	0	0	0.333333333333333	0	0.333333333333333	0	0	0	0	0	0	0	0	0.333333333333333	0	0
GCF_051028265_GCF_051028275	41	0	0	4	1	0	0	0	1	4	1	0	0	0	0	0	0	2.5	6	0	0	2	1.5	1	0	4	1	12
GCF_051028275_GCF_051028265	16	4	0	2	1	0	0	0	0	0.5	0	0	0	0	1	0	0	3	0	1	0	0.5	0	0	0	0	0	3
GCF_014304815_GCF_047304555	16	0	0	1	0	0	0	0	0	0	1	0	0	0	0	0	0	1	0	0	0	0	0	0	0	2	0	11
GCF_047304555_GCF_014304815	1	0	0	0	0	0	1	0	0	0	0	0	0	0	0	0	0	0	0	0	0	0	0	0	0	0	0	0
GCF_047304705_GCF_014304815	1	0	0	0	0	0	0	0	0	0	0	0	0	0	0	0	0	1	0	0	0	0	0	0	0	0	0	0
GCF_047302785_GCF_047716815	3	0	0	0	0	0	0	0	0	0	0	0	0	0	0	0	0	0	0	0	0	0	0	0	0	0	1	2
GCF_047304545_GCF_047304065	4	0	0	0	0	0	0	0	0	0	0	0	0	0	0	1	0	1	1	0	0	0	0	0	0	0	0	1
GCF_028868935_GCF_000185745	5	0	0	0	0	0	0	0	0	0	1	0	0	0.5	0.5	0	0	0	0	0	0	0	0	0	0	3	0	0
GCF_000276685_GCF_002288155	3	0	0	0	0	0	0	0	0	0	0	0	0	0	0	0	0	2	0	0	0	1	0	0	0	0	0	0
GCF_002288155_GCF_000276685	6	1	0	1	1	0	0	0	0	0	0	0	0	0	0	0	0	0	0	0	1	1	0	0	0	1	0	0
GCF_002288155_GCF_900637125	7	1	0	0	1	0	0	0	0	0	1	0	0	0	0	0	0	1	0	1	0	0	0	0	0	0	0	2
GCF_045571605_GCF_045571685	19	2	0	0	0	0	0	0	0	0	0	0	0	0	0.333333333333333	0	1.33333333333333	0	0	0	0	0	0	0	1	3.33333333333333	0	11
GCF_045571685_GCF_045571605	7	1	0	0	0	0	0	0	0	0	0	0	0	0	1	0	0	0	0	0	0	0	0	0	0	0	0	5
GCF_045571695_GCF_045571675	73	1	0	2	2	0	0	0	2	1.5	4.5	0	0	0	1.33333333333333	2	0.333333333333333	1	0	2.5	1	0	1	3.5	0	3.33333333333333	1	43
GCF_045571695_GCF_045571725	75	1	0	2	2	0	0	0	2	1.5	4.5	0	0	0	1.33333333333333	2	0.333333333333333	1	0	2.5	1	0	1	3.5	0	3.33333333333333	1	45
GCF_000604125_GCF_023016405	1	0	0	0	0	0	0	0	0	0	0	0	0	0	0	0	0	0	0	0	0	0	0	0	0	0	0	1
GCF_023016405_GCF_000604125	1	0	0	0	0	0	0	0	0	0	0	0	0	0	0	0	0	0	0	0	0	0	0	0	0	0	0	1
GCF_005885795_GCF_023016405	1	0	0	0	0	0	0	0	0	0	0	0	0	0	0	0	0	0	0	0	0	0	0	0	0	0	0	1
GCF_023016405_GCF_023016385	2	0	0	0	0	0	0	0	0	0	0	0	0	0	0	0	0	0	0	0	0	0	0	0	0	0	0	2
GCF_024181265_GCF_024181285	1	0	0	0	0	0	0	0	0	0	0	0	0	0	0	0	0	0	0	0	0	0	0	0	0	1	0	0
GCF_024181285_GCF_024181265	1	0	0	1	0	0	0	0	0	0	0	0	0	0	0	0	0	0	0	0	0	0	0	0	0	0	0	0
GCF_024181265_GCF_024181305	14	0	0	0	0	0	0	0	0	0	0	0	0	0	0	0	2	0	0	0	2	0	0	0	0	4	0	6
GCF_038368285_GCF_045277395	10	0	0	1	0	0	0	0	0	0	0	0	0	0	0	0	0	0	5	1	0	0	1	0	0.5	0.5	0	1
GCF_045277395_GCF_038368285	7	0	0	0	0	0	0	0	0	0	0	0	0	0	0	0	0	0	3.25	0.25	0	1	0	0.25	0.5	1.75	0	0
GCF_038368345_GCF_045277335	2	0	0	0	0	0	0	0	0	0	0	0	0	0	0	0	0	0	0	0	0	0	0	0	0	0	0	2
GCF_045277335_GCF_038368345	3	0	0	0	0	0	0	0	0	0	0	0	0	0	0	0	0	0	0	0	0	0	0	0	0	0	0	3
GCF_947250595_GCF_947251505	137	11.25	0	0	11	0	1	0	2	9	3.5	0	0	0.5	5.5	11.5	0	7.5	2.5	5.25	4	5.75	6	4	0.25	4.5	5	37
GCF_947251505_GCF_947250595	4	1	0	0	0	0	0	0	0	1	0	0	0	0	0	0	0	0	0	0	0	0	0	0	0	0	0	2
GCF_001746675_GCF_022409615	41	2.25	0	2.5	3	0	0.5	0	2	5	2	0.5	0	0.5	0.333333333333333	1	2.33333333333333	2	1	0.25	0	2.75	0	2.5	0.25	3.33333333333333	0	7
GCF_022409615_GCF_001746675	11	0	0	0	0	0	0	0	1	0	0	0	0	0	1	0	1	1	0	1	0	0	0	1	0	0	0	5
GCF_001987775_GCF_004634605	17	0	0	0	0	0	0	0	0	2	0	11.5	0	0	1.5	0	2	0	0	0	0	0	0	0	0	0	0	0
GCF_021459985_GCF_048595625	7	0	0	1	1	0	0	0	0	1	0	0	0	0	0	2	0	0	0	0	0	1	0	0	0	0	0	1
GCF_048595625_GCF_021459985	20	0	0	1	1	0	0	0	0	0	0	0	0	0	0	3	2	0	0	0	0	0	0	3	0	2	1	7
GCF_022409615_GCF_028752295	1	0	0	0	0	0	0	0	0	0	0	0	0	0	0	0	0	0	0	0	0	1	0	0	0	0	0	0
GCF_028752295_GCF_022409615	20	0	0	0	1	0	0	0	1	3	1	0	0	0	0	0	1	2	2	4	0	1	0	1	0	0	1	2
GCF_045711565_GCF_045723835	96	4	0	3.5	5	0	2	0	0	0	0	0.5	0	0.5	0	3	7.5	0	1	2	0	3	0	1	1	5	1	56
GCF_045723835_GCF_045711565	77	0	0	0.5	1	0	0	0	0	0	7	0.5	0	1	8.5	0	3.5	1	3	0	0	0	1	1	0	0	1	48
GCF_001971475_GCF_028752655	3	1	0	0	0	0	0	0	0	0	0	0	0	0	0	0	0	0	0	0	0	0	0	0	0	1	0	1
GCF_028752655_GCF_001971475	4	0	0	0	0	0	1	0	0	0	0	0	0	0	0	0	0	0	0	0	0	1	0	0	0	1	0	1
GCF_001971505_GCF_042244175	5	0	0	0	1	0	0	0	0	0	0	0	0	0	0	0	0	0	1	1	0	0	0	0	0	0	0	2
GCF_042244175_GCF_001971505	2	0	0	0	0	0	0	0	0	0	0	0	0	0	0	0	0	0	0	0	0	0	0	1	0	0	0	1
GCF_022468455_GCF_023361975	21	1	0	0	1	0	0	0	1	0	0	0	0	0	0	1	0	0	2	4.5	1	2.5	2	1	0	2	1	1
GCF_023361975_GCF_022468455	63	1	0	7	1	0	0.5	0	2	2	2	0	0	0	0	0	0	1.5	4.83333333333333	4.33333333333333	1	1	5	2.5	1	7.33333333333333	5	14
GCF_012974125_GCF_012974145	43	6	0	0.5	0	0	0	0	3.5	0	0	0.5	0	0	0.5	1	1	0	0	0	0	4	0	0	0	2	2	22
GCF_012974145_GCF_012974125	57	4	0	1	4	0	0	0	2	2	2	1.5	0	1.5	1	2	0	1	2	0	0	4.5	0	2	1	1.5	0	24
GCF_028227275_GCF_014249995	1	0	0	0	0	0	0	0	0	0	0	0	0	0	0	0	0	0	0	0	0	0	0	0	0	0	0	1
GCF_014249995_GCF_028227635	6	0	0	0	0	0	0	0	0	0	0	0	0	0	0	0	0	0	0	0	0	0	0	0	0	0	0	6
GCF_028227635_GCF_014249995	8	0	0	0	0	0	0	0	0	0	0	0	0	0	0	0	0	0	0	0	0	0	0	0	0	0	0	8
GCF_028227635_GCF_055766035	7	0	0	0	0	0	0	0	0	0	0	0	0	0	0	0	0	0	0	0	0	0	0	0	0	0	0	7
GCF_055766035_GCF_028227635	4	0	0	0	0	0	0	0	0	0	0	0	0	0	0	0	0	0	0	0	0	0	0	0	0	0	0	4
GCF_042239055_GCF_042238405	9	0	0	0	0	0	0	0	0	0	0	0	0	0	0	0	0	0	0	0	0	0	1	0	0	0	0	8
GCF_042239055_GCF_042239545	13	1	0	0	0	0	0	0	0	0	0	0.666666666666667	0	1.16666666666667	1.16666666666667	0	0	0	0	0	1	0	0	1	0	0	1	6
GCF_046605575_GCF_055959275	5	2	0	0	0	0	0	0	0	0	0	0	0	0	0	0	0	1	0	0	0	0	0	0	0	0	0	2
GCF_055959275_GCF_046605575	22	0	0	0	0	0	0	0	0	0	0	0	0	0	0	0	0	0	0	0	0	0	0	0	0	0	0	22
GCF_055959275_GCF_055959285	1	0	0	0	0	0	0	0	0	1	0	0	0	0	0	0	0	0	0	0	0	0	0	0	0	0	0	0
GCF_055959285_GCF_055959275	3	0	0	0	1	0	0	0	0	0	0	0	0	0	0	0	0	0	0	0	0	0	0	0	0	0	0	2
GCF_055959555_GCF_055959275	2	0	0	0	1	0	0	0	0	0	0	0	0	0	0	0	0	0	0	0	0	0	0	0	0	0	0	1
GCF_000834355_GCF_900635715	54	2	0	2	1	0	1	0	0	0	1	1	0	0	1	2.5	2	9	2	9	0	2	3	0	1	2.5	0	12
GCF_900635715_GCF_000834355	21	1	0	1	0	0	0	0	0	0	0.5	0	0	0	0	2	0	1	2	2	0	1	0	2	0	2.5	0	6
GCF_000834865_GCF_044784355	163	9.33333333333333	0	9	6	0	2	0	1	5	5	0.5	0	2.5	1	2.33333333333333	1	8.83333333333333	18.8333333333333	25.3333333333333	1.5	3.16666666666667	2	2.5	7	4.16666666666667	9	36
GCF_044784355_GCF_000834865	119	1	0	7	5	0	0	0	2.5	12.5	2.5	12	0	0	1.5	9	2	7.5	8.5	8	0	1.5	2	2	1	1.5	3	29
GCF_015336085_GCF_015337285	80	3	0	6	2.5	0	0	0	1	10.5	6.5	2.5	0	0	0.5	1	4.5	2	5	2	2.5	1	0	2	0	3.5	3	21
GCF_015337285_GCF_015336085	33	0	0	1	1	0	0	0	0	0.5	0.5	0	0	0	0	7	1	0	0.5	9.5	2	0	0	3	0	0	0	7
GCF_015336085_GCF_015337445	81	1	0	3	2	0	1	0	1.5	3.5	4.5	4	0	2	12	2	4	4	3.5	5	1	0.5	1	3.5	0	4	7	11
GCF_015337445_GCF_015336085	1	0	0	0	0	0	0	0	0	0	0	0	0	0	0	0	0	0	0	0	0	0	0	0	0	0	0	1
GCF_015336085_GCF_015337645	3	0	0	1	0	0	0	0	0.5	0	0	0	0	0	0	0	0	0	1	0	0.5	0	0	0	0	0	0	0
GCF_015337645_GCF_015336085	1	0	0	0	0	0	0	0	0	0	0	0	0	0	0	0	0	0	1	0	0	0	0	0	0	0	0	0
GCF_015336085_GCF_015338045	10	0	0	1	0	0	0	0	0	0	1.5	0	0	0	1.5	0	1	0	0	0	0	0	0	0	0	1	0	4
GCF_015338045_GCF_015336085	44	7	0	2.5	1	0	1.5	0	0	2.5	3.5	0	0	0	1.33333333333333	1	0.333333333333333	2.5	3	4	1	2.5	0	1	1	1.33333333333333	1	6
GCF_015336465_GCF_015337445	113	6	0	2.5	6	0	1	0	1	4	3	0	0	0	1	3.5	2	4	11.3333333333333	13.3333333333333	3	4	7	8.5	0	10.8333333333333	2	19
GCF_015337445_GCF_015336465	16	1	0	1.5	0	0	0	0	0	0.5	0	0	0	0	0	2	2	1	0	1	0	0	0	0	0	1	0	6
GCF_015336865_GCF_015338045	26	0	0	0.5	1	0	0	0	0	2	1	0	0	0	0	0	2	0	0.333333333333333	5.83333333333333	1	0	0	0	0	1.33333333333333	1	10
GCF_015338045_GCF_015336865	34	0.5	0	3	1	0	0	0	0	1	2	0	0	0	0	1	0	2	2.33333333333333	0.833333333333333	2	2.5	0	3	0	1.83333333333333	2	9
GCF_015337825_GCF_015337085	116	3	0	6	2.5	0	0	0	1.5	5	7.5	3	0	0	13.3333333333333	2	5.83333333333333	2.5	6	2.5	3.5	4.5	12	2	1	4.33333333333333	3	25
GCF_002286295_GCF_002240435	1	0	0	0	0	0	0	0	0	0	0	0	0	0	0	0	0	0	0	0	0	0	0	0	0	0	0	1
GCF_004636425_GCF_002240435	1	0	0	0	0	0	0	0	0	0	0	0	0	0	0	0	0	0	0	0	0	0	0	0	0	0	0	1
GCF_022409515_GCF_002240435	17	0	0	0	2	0	0	0	0	1.5	0	0	0	1.5	2.5	0.5	1	0	0	2.5	0	0	0	0.5	0	1	0	4
GCF_055542695_GCF_002240435	1	0	0	0	0	0	0	0	0	0	0	0	0	0	0	0	1	0	0	0	0	0	0	0	0	0	0	0
GCF_004636885_GCF_002240515	1	0	0	0	0	0	0	0	0	0	1	0	0	0	0	0	0	0	0	0	0	0	0	0	0	0	0	0
GCF_023361975_GCF_040529225	11	1	0	0	1	0	0	0	1	0	1	0	0	0	0	0	0	0	1	0	0	0.5	0	0	0	1.5	0	4
GCF_040529225_GCF_023361975	11	0	0	0.5	1	0	0	0	0	0.5	0	0	0	0	0	0	0	2	0	1	1	0	0	1	0	1	0	3
